Time_Stamp,Latitude,Longitude,Acceleration_X,Acceleration_Y,Acceleration_Z,Gyroscope_X,Gyroscope_Y,Gyroscope_Z,Index,Distance
1700453829829.0,39.9517704,116.3370313,-1.0642227,5.8262897,10.563816,-0.85740405,0.3655186,0.5564671,848.0,12.708527663448525
1700453829953.9998,39.951761,116.3370345,-1.6316484,5.037999,6.6624646,-0.32756856,0.6644582,0.07776424,854.0,12.7858471012389
1700453829967.0,39.95175655,116.3370352,-1.7196354,4.035427,8.432379,-0.6562024,0.38935387,0.17949693,855.0,12.793919010398922
1700453829989.0,39.95173484,116.33702752000002,-1.271321,3.7469256,8.20433,-0.6360955,-0.105594255,0.13329111,856.0,12.806240661813892
1700453830007.0,39.951687899999996,116.337022775,-0.7846996,3.78643,6.909666,-0.4006723,-0.33369383,0.098137416,857.0,12.81609310008339
1700453830031.0,39.951622,116.33702319,-0.7846996,3.78643,6.909666,-0.1691106,-0.26738116,0.124635845,858.0,12.82922968444272
1700453830054.0002,39.95157336666667,116.33702033333333,-0.6715736,3.9600096,5.6179943,-0.07643267,-0.025166854,0.21025641,859.0,12.84230617081199
1700453830068.0,39.9515604,116.3370212,-0.5021838,4.0916905,5.228338,-0.08815057,0.07856319,0.23555642,860.0,12.850475515979417
1700453830593.9998,39.951548,116.3370219,0.14724341,3.679888,7.4405804,-0.108124256,-0.29374644,-0.59747976,886.0,13.262997963798997
1700453830609.0,39.951548,116.3370219,0.15981296,3.7816415,6.9725137,-0.065513715,-0.41944757,-0.6210487,887.0,13.271034500843124
1700453831552.0,39.9515344,116.337017,1.75076,7.2065473,8.763975,0.60000974,-0.91546094,-0.63476396,934.0,14.015550705884438
1700453831572.0,39.9515344,116.337017,2.1493945,7.1963716,7.401076,0.24580958,-0.48975495,-0.53502864,935.0,14.036812940934546
1700453831589.0,39.9515344,116.337017,2.8299465,6.567295,7.0467343,-0.003462107,0.08695214,-0.5095955,936.0,14.054020944924575
1700453832573.0,39.9515234,116.3370136,-0.04249708,7.173627,9.401431,0.18189377,-0.057124764,0.16218638,985.0,14.824770641633286
1700453832591.0,39.9515234,116.3370136,0.14724341,7.255628,9.812635,0.2508696,-0.10412952,0.13009532,986.0,14.843261062526636
1700453833573.0,39.951514,116.337013,-0.11432313,5.641338,5.705383,-0.02929475,0.10825742,0.30692908,1035.0,15.636526703247162
1700453833593.0,39.951514,116.337013,-0.014963761,5.755661,5.804742,-0.057124764,0.03648528,0.31305435,1036.0,15.652821034605674
1700453834555.0,39.9515031,116.3370149,-0.79607207,4.9799395,7.125743,-0.22237378,0.40519965,-0.17110798,1084.0,16.475518043680104
1700453834572.0,39.9515031,116.3370149,-0.9828198,5.3007627,7.180211,-0.23289326,0.35473278,-0.12743217,1085.0,16.48849093072338
1700453834592.0,39.9515031,116.3370149,-0.777517,5.1529207,7.0712748,-0.17337166,0.19361167,-0.09640636,1086.0,16.503243978892996
1700453835596.0,39.9514942,116.3370175,-1.5927427,6.7630215,9.333197,-0.054328445,0.3733749,0.26471803,1136.0,17.32350124917048
1700453837574.0002,39.951486,116.3370209,-0.14305355,3.1483753,5.9807158,0.22037642,-0.31345382,-0.57937026,1235.0,18.819730135912497
1700453837597.0,39.951486,116.3370209,-0.4297592,3.70802,5.0332108,0.20865852,-0.19148114,-0.5659213,1236.0,18.83188296117899
1700453872584.0,39.951473,116.3370223,-0.074818805,4.92607,5.397728,-0.0585895,0.005725792,-0.20599535,2984.0,49.07727137146105
1700453872604.0,39.951473,116.3370223,-0.12868834,4.805163,5.445612,0.10226531,0.0105194785,-0.24394538,2985.0,49.0908796654704
1700453872644.0,39.9514664,116.3370228,-0.17956513,4.8416743,5.2103815,0.18069534,-0.06791056,-0.28802067,2986.0,49.118312072218686
1700453872645.0,39.9514664,116.3370228,-0.41299978,5.2959743,4.844667,0.20346536,-0.13009532,-0.25193486,2987.0,49.11906399339451
1700453872663.0,39.95145243999999,116.33702506,-0.5859809,5.777209,4.5567646,0.21584904,-0.09920268,-0.16844481,2988.0,49.13385926881799
1700453872684.0,39.95142575999999,116.33702867000002,-0.4902128,6.0800753,4.441244,0.28242803,0.029694224,-0.10612689,2989.0,49.151991244951645
1700453872704.0,39.95137583076923,116.33702227692308,-0.39444473,6.281787,4.630985,0.3775028,0.12823111,-0.045273706,2990.0,49.16981000841522
1700453872725.0,39.951286986666666,116.33702824666668,-0.38965634,6.5068417,4.8739963,0.42517334,0.15579481,0.012783164,2991.0,49.18918657073869
1700453872743.0,39.95120522941176,116.33701545882353,-0.40282443,6.707356,5.093664,0.40613177,0.15219954,0.04807002,2992.0,49.20630703534981
1700453872765.0,39.9511621,116.3369907375,-0.3597288,7.029376,5.451597,0.37124437,0.1691106,0.088683195,2993.0,49.2282258603699
1700453873585.0,39.9511502,116.336923,1.1414356,6.659472,8.24204,0.5390234,0.38522595,-0.8161251,3034.0,50.09064906757294
1700453873604.0,39.9511502,116.336923,0.48722005,6.889914,7.1568675,0.26897907,0.49734497,-0.7315698,3035.0,50.10922541982354
1700453874565.0,39.9511467,116.3369059,-0.110133275,10.001179,9.6288805,-0.5109271,-0.63809294,-0.11851058,3083.0,51.01674911493348
1700453874585.0,39.9511467,116.3369059,0.20111294,9.853935,10.234015,-0.6950845,-0.3834949,-0.11278479,3084.0,51.044651414368126
1700453875593.0,39.9511438,116.3368903,-0.01316811,8.363545,7.743447,0.28575698,-0.17430377,-0.10266478,3134.0,51.98031448185069
1700453875606.0002,39.9511438,116.3368903,-0.15682021,8.736442,8.239645,0.21305273,-0.1514006,-0.11398321,3135.0,51.99639343534624
1700453911584.0,39.9511411,116.3368703,0.7164649,5.2061915,4.551976,0.07816372,-0.06511424,-0.6106624,4932.0,90.30123203266402
1700453911600.0,39.9511411,116.3368703,0.23523031,5.6443305,4.4322658,0.2786996,-0.07989477,-0.58988976,4933.0,90.31402640886806
1700453911628.0,39.95113762857142,116.33680931428572,0.065242,6.1237693,4.132991,0.38056543,-0.15206638,-0.5275718,4934.0,90.33829873351554
1700453911636.0,39.95113747777778,116.33679555555555,0.1328782,6.55293,3.615843,0.35553175,-0.1814943,-0.44048652,4935.0,90.34572079689472
1700453911655.0,39.95113784375,116.33674543125,0.31064767,6.993463,3.1872811,0.2631201,-0.12290479,-0.35326806,4936.0,90.36454791251836
1700453911675.0,39.95113967272727,116.3366511909091,0.49919105,7.4735007,3.283049,0.1833585,0.035153702,-0.24927169,4937.0,90.38575253801493
1700453911696.0,39.951144663636356,116.3365448818182,0.5482722,7.837419,3.9713821,0.13875058,0.15526217,-0.15965639,4938.0,90.409106594026
1700453911716.0,39.95114029230769,116.3364676307692,0.34835634,8.384495,4.7483006,0.12729901,0.26618275,-0.029427908,4939.0,90.43286357763331
1700453911735.0,39.95113175555556,116.33640556666667,0.016759412,9.0016,5.463568,0.090813726,0.36685017,0.14554164,4940.0,90.4570729727129
1700453911757.0,39.951121549999996,116.3363504,-0.23403321,9.179369,6.95336,-0.0042610546,0.33249542,0.2593917,4941.0,90.48566773482676
1700453912577.9998,39.9511179,116.3363262,0.31483752,6.531382,5.8161144,-0.18522272,-0.20146799,-0.34354752,4982.0,91.45929239966398
1700453912599.0,39.9511179,116.3363262,0.44891283,5.839458,5.1481323,-0.23089589,-0.37803543,-0.32450593,4983.0,91.47670169710467
1700453913599.0,39.9511169,116.3363106,1.9883845,8.930372,9.838972,0.21038957,-0.24660853,-0.30386645,5033.0,92.62503009277884
1700453913617.9998,39.9511169,116.3363106,2.5785553,8.150461,9.347562,0.33329436,-0.25672853,-0.47936863,5034.0,92.6480211879682
1700453914577.9998,39.9511153,116.3362959,1.0737995,9.551667,6.9024835,0.15499586,-0.18469009,0.18056218,5082.0,93.66985093847724
1700453914599.0,39.9511153,116.3362959,1.1013328,10.035296,7.465719,0.26911223,-0.101865835,0.07097319,5083.0,93.69986046120448
1700453915577.9998,39.9511129,116.3362829,-0.3172317,7.865551,3.0460231,-0.55726606,0.2860233,0.5338302,5132.0,94.8125645151006
1700453915600.0,39.9511129,116.3362829,-0.10115502,8.439561,3.6014779,-0.5922866,0.22503695,0.6724477,5133.0,94.83884803974983
1700453916565.0,39.9511107,116.3362685,-0.24600422,4.7022123,3.359065,-0.2182459,0.13448954,0.28828698,5181.0,96.02297606315176
1700453916580.0,39.9511107,116.3362685,0.13826515,4.4424415,2.9454668,-0.023968432,0.31451908,0.19068219,5182.0,96.03241304447396
1700453916599.0,39.9511107,116.3362685,0.24061728,4.534618,2.433706,0.10599373,0.5472792,0.12450269,5183.0,96.04462582984094
1700453917581.0,39.9511084,116.3362482,-1.6693572,7.467515,8.160038,-0.7680551,-0.39627808,0.3620565,5232.0,97.27989966719672
1700453917605.0,39.9511084,116.3362482,-1.2294226,7.038953,5.9184666,-0.5017392,0.022503695,0.16018902,5233.0,97.3041743999744
1700453918561.9998,39.9511076,116.3362331,-0.80445176,10.817602,7.445369,-0.47404233,0.4012049,0.22237378,5281.0,98.42220797857568
1700453918581.0,39.9511076,116.3362331,-1.3664906,11.020511,8.735844,-0.23861906,0.3809649,0.19880483,5282.0,98.45207407068048
1700453919587.0,39.9511068,116.3362184,0.22266077,10.049662,6.308123,-0.23808642,-0.09494162,0.4588623,5332.0,99.59314328348682
1700453919601.9998,39.9511068,116.3362184,0.0011971008,10.332776,6.691794,-0.33435962,-0.04474107,0.5777724,5333.0,99.61508235027604
1700453920564.0,39.9511045,116.3362044,-0.18734628,7.439383,2.3636756,0.15712638,-0.07310372,-0.32117698,5381.0,100.73274751628236
1700453920583.0,39.9511045,116.3362044,-0.09876082,7.9391727,2.7521348,0.11185268,0.122105844,-0.21651484,5382.0,100.75410117630328
1700453920604.0,39.9511045,116.3362044,-0.23343466,8.507795,3.4518404,0.058988973,0.18255955,-0.11664637,5383.0,100.779400540011
1700453921563.0,39.951101,116.3361909,0.31543607,4.84347,3.3081882,0.060720026,0.14700638,-0.5017392,5431.0,101.9502214940686
1700453921584.0,39.951101,116.3361909,0.032920275,4.8979383,3.0867245,0.08415583,0.051265813,-0.52397656,5432.0,101.96478118941984
1700453922584.0,39.9510967,116.3361777,0.36152446,7.08564,3.66253,-0.09480847,-0.26458487,-0.13156006,5482.0,103.2045566160007
1700453922604.0,39.9510967,116.3361777,0.36152446,7.08564,3.66253,-0.31531805,-0.478836,-0.047404233,5483.0,103.2246421558274
1700453957574.0002,39.9510912,116.3361587,-0.23104046,6.301539,4.9422307,-0.20293273,0.14807165,0.24594274,7230.0,143.8768520209515
1700453957592.0,39.9510912,116.3361587,0.24959552,5.759252,3.8552632,-0.08002793,0.29028434,0.17749955,7231.0,143.89153979299593
1700453957654.0002,39.95108111111111,116.3360783888889,0.3357868,5.7945666,3.0723593,0.16005586,0.35459962,0.11065426,7234.0,143.94072150698298
1700453957673.0,39.951065441935484,116.33590836774192,0.1412579,6.305729,3.0819361,0.15499586,0.2451438,0.13622059,7235.0,143.95768470454448
1700453957697.9998,39.951054296,116.33581695600002,-0.010773907,6.9407907,2.9700072,0.10825742,0.1599227,0.17856482,7236.0,143.98224645722493
1700453957713.0,39.951019566666666,116.33565666666668,-0.17717093,7.6494746,2.902371,0.051665287,0.15033533,0.26485118,7237.0,143.9984925599523
1700453958579.0,39.9510148,116.3356277,-1.3030443,9.639056,7.2191167,-0.37390754,0.053662658,0.38709018,7280.0,145.0999357820266
1700453958593.9998,39.9510148,116.3356277,-1.0660183,9.041702,6.8611836,-0.4436823,0.09960215,0.3242396,7281.0,145.1192665443235
1700453959575.0,39.9510114,116.33561,0.02633622,9.960478,6.6989765,-0.20759325,0.03382212,0.15592797,7330.0,146.25394856743276
1700453959596.0,39.9510114,116.33561,0.10414778,9.710283,7.3789296,-0.06165213,0.0019973693,0.049934234,7331.0,146.28281452934309
1700453960555.0,39.9510085,116.3355947,-0.010175358,6.6391215,2.8975825,0.17257272,-0.26884592,-0.3239733,7379.0,147.39408524111968
1700453960581.0,39.9510085,116.3355947,0.15622166,7.101202,2.8281507,0.16724639,-0.234358,-0.2704438,7380.0,147.42022611824996
1700453995587.0,39.9510061,116.3355794,-0.272939,6.096236,5.451597,-0.71492505,0.08109319,0.4544681,9129.0,189.60484083774423
1700453995644.0,39.95100098333333,116.3355298,0.7763199,5.159505,3.2315738,-0.0105194785,0.48189864,0.0021305273,9132.0,189.647832762121
1700453995663.0,39.95098009047618,116.33541315714287,0.5919664,5.424064,3.0029275,0.051798444,0.51731867,-0.017710008,9133.0,189.6625071304748
1700453995684.0,39.95095841538462,116.33529652692307,0.24361002,5.955577,2.8844144,0.005725792,0.43609232,0.03648528,9134.0,189.6802251850565
1700453995707.0,39.95092715454546,116.33513505454545,-0.07182605,6.695385,3.0142999,-0.037950017,0.33529174,0.13475585,9135.0,189.7020242694804
1700453995724.0,39.950916,116.33507666666667,-0.34835634,7.455544,3.3327289,-0.0494016,0.20453063,0.26778066,9136.0,189.71998449090475
1700453996590.0002,39.9509106,116.3350467,-0.961272,9.064447,8.569447,-0.3648528,0.08628636,0.41784966,9179.0,190.8426476961262
1700453996605.0,39.9509106,116.3350467,0.08738836,7.663241,9.0081835,-0.08255793,-0.103330575,0.1599227,9180.0,190.85891973049672
1700453997567.0,39.9509061,116.3350317,0.053869538,10.527904,5.129577,0.09187899,0.01105211,-0.0005326318,9228.0,192.00529461728053
1700453997585.9998,39.9509061,116.3350317,-0.29328972,10.702082,5.474941,0.01691106,-0.06791056,0.08855004,9229.0,192.0340881380241
1700453997605.0,39.9509061,116.3350317,-0.24061728,10.706271,5.884948,-0.03302317,-0.17470324,0.09361004,9230.0,192.0628893895633
1700453998569.9998,39.9509028,116.3350216,-0.4405331,6.83784,2.569577,0.44275022,-0.3756386,-0.60214025,9278.0,193.22279511614133
1700453998590.0002,39.9509028,116.3350216,-0.63206923,7.6345105,1.9141643,0.3366233,-0.31997856,-0.413056,9279.0,193.2444823615356
1700454034575.0,39.9508976,116.3350014,0.2908955,7.439982,4.7884035,-0.65766716,-0.31505173,-0.0021305273,11077.0,238.2041956641964
1700454034636.0,39.95088735000001,116.33494526666668,1.1965023,5.881955,3.6254199,-0.21078904,-0.26884592,-0.34088436,11080.0,238.2597655763588
1700454034654.0002,39.950854438709676,116.33474910967742,1.2084733,5.901707,3.472191,-0.10226531,-0.2460759,-0.504136,11081.0,238.275114544096
1700454034676.0,39.95084049655172,116.33467027931037,0.92416185,6.0651116,3.7140055,0.082824245,-0.3170491,-0.6217145,11082.0,238.29421991023048
1700454034696.0,39.950802725,116.334471825,0.46148238,6.52001,3.6739025,0.29348013,-0.35167015,-0.6299703,11083.0,238.31272423588496
1700454035577.9998,39.9507937,116.3344355,2.7856536,9.983821,5.997475,0.1944106,-0.021837905,-0.48256442,11127.0,239.458205046922
1700454035596.0,39.9507937,116.3344355,2.586935,9.22426,7.079654,0.5335639,-0.044341598,-0.68949187,11128.0,239.4826143019607
1700454036557.0,39.9507914,116.3344225,0.81522566,10.731411,3.1531637,0.19747324,-0.09294425,0.012250531,11176.0,240.63936265112227
1700454036576.0,39.9507914,116.3344225,0.7445967,11.351509,3.3614593,0.10013478,-0.06125266,0.06844319,11177.0,240.66995757483545
1700454037580.0,39.9507895,116.3344082,-0.6775591,8.566454,1.7046716,0.18615483,0.15712638,0.5368929,11227.0,241.9200529185988
1700454037597.0,39.9507895,116.3344082,-0.36990416,8.91062,1.7890673,0.02410159,0.09494162,0.6134587,11228.0,241.94151345671497
1700454073585.0,39.9507865,116.3343884,-1.447295,6.6367273,5.9130797,0.0005326318,-0.532765,0.22530326,13026.0,287.82918363680045
1700454073607.0,39.9507865,116.3343884,-0.35793316,5.779603,4.305373,0.30426592,-0.40626493,0.13795164,13027.0,287.8472163805146
1700454073646.0002,39.950776450000006,116.334351575,0.3298013,5.0092683,2.441487,0.79828197,0.16032217,-0.013715269,13029.0,287.8755739558618
1700454073665.0,39.95076039375001,116.33426674999998,0.20231004,5.2995653,1.939902,0.855673,0.31105697,0.00013315796,13030.0,287.88983725349345
1700454073686.0002,39.95072270967742,116.33409908064516,0.075417355,5.773019,1.775899,0.8399604,0.26085642,0.050466865,13031.0,287.9069993053888
1700454073705.0,39.95070228947368,116.33401104210529,0.073621705,6.3823433,1.8561049,0.7936214,0.014780533,0.11065426,13032.0,287.9241654405363
1700454074587.0,39.9506566,116.333878,0.2896984,11.528081,3.6816838,-0.5982787,-0.40772966,0.015446323,13075.0,289.16508563848726
1700454074588.0,39.9506566,116.333878,-0.18076223,10.903194,5.2965727,-0.5060002,-0.14421007,-0.05659213,13076.0,289.1666291976838
1700454074606.0002,39.9506566,116.333878,-0.75956047,10.33936,6.6947865,-0.12663321,0.14287849,-0.14141375,13077.0,289.1930438432713
1700454075569.0,39.9506517,116.3338672,-0.065242,11.273697,2.3690627,0.19294588,-0.016511586,0.17723323,13125.0,290.42898465380927
1700454075587.0,39.9506517,116.3338672,-0.094570965,11.858481,2.617461,0.010253162,-0.06471477,0.28961855,13126.0,290.4591998383471
1700454076547.0,39.9506474,116.3338547,1.1839328,6.9168487,1.5592239,-0.008522109,-0.3655186,-0.24554327,13174.0,291.76446219915067
1700454076567.0,39.9506474,116.3338547,0.98940384,7.2592196,1.395221,0.0037284228,-0.34261543,-0.24248064,13175.0,291.7852030544297
1700454112596.0,39.9506418,116.3338362,1.0767922,10.928932,2.292448,-0.21691431,0.4087949,0.31145647,14975.0,340.9811085238016
1700454112637.0,39.9506382,116.3338204,1.0528502,11.334749,2.5001452,-0.41092545,0.13701953,0.43822283,14976.0,341.04717347896826
1700454112639.0,39.950635033333334,116.33380489999998,1.323395,11.152191,2.5486276,-0.56938344,-0.054861076,0.44767705,14977.0,341.0503528159756
1700454112656.0,39.95062647142857,116.33377502857141,1.5071499,11.055226,2.9125464,-0.55460286,-0.057657395,0.32503858,14978.0,341.0772016355273
1700454112679.0,39.95056327741937,116.33356217096774,1.2545617,11.135432,3.582923,-0.32796803,0.07683214,0.122239,14979.0,341.11368406228087
1700454112701.0,39.95053950952381,116.3334772952381,0.7152678,11.353903,4.280234,0.013315796,0.15832481,-0.07416898,14980.0,341.14911134297097
1700454112715.0,39.95050466666667,116.33334906666668,-0.21188685,11.599907,4.4520183,0.28642276,0.09427583,-0.13435638,14981.0,341.1721027133181
1700454113557.0,39.950499,116.3333275,1.1109096,6.9000893,0.7757214,0.40772966,-0.14274533,-0.41438755,15023.0,342.32891549221324
1700454113579.0,39.950499,116.3333275,1.2431892,7.1963716,0.25977087,0.32890016,-0.22383852,-0.3519365,15024.0,342.3516576524924
1700454114580.0,39.9504939,116.33331,0.24061728,6.8198833,1.3664906,-0.32796803,-0.47271073,-0.2033322,15074.0,343.7704705811133
1700454114597.0,39.9504939,116.33331,0.5243302,6.3943143,0.82599956,-0.32570437,-0.39614493,-0.25513065,15075.0,343.78590918291144
1700454115577.9998,39.9504884,116.3332976,3.345897,10.842142,1.3150153,-0.23702116,-0.039015282,-0.101200044,15124.0,345.16791734004886
1700454115605.0,39.9504884,116.3332976,2.497751,10.447698,1.8908207,-0.52650654,-0.06245108,0.042743705,15125.0,345.20897211341
1700454151568.0,39.9504832,116.3332821,0.75357497,6.799533,1.204882,-0.010652636,-0.30692908,-0.38589177,16922.0,394.1916283112066
1700454151614.0002,39.9504764,116.3332589,0.90620536,6.8085113,0.6727707,0.014913691,-0.1599227,-0.45153862,16923.0,394.2363515269739
1700454151616.0,39.9504764,116.3332589,1.0055647,7.1221514,0.3333926,0.019707378,0.080960035,-0.47417548,16924.0,394.2383878052905
1700454151627.0,39.95047316666666,116.33325083333334,0.7218518,7.675212,0.6075287,0.065513715,0.28202856,-0.4259723,16925.0,394.2503912318209
1700454151645.0,39.9504492,116.33318615833333,0.39923313,8.318654,1.3551182,0.124236375,0.33595753,-0.33262858,16926.0,394.2716107254479
1700454151665.0,39.950422278947364,116.33309037368421,0.23582886,8.961497,1.6053122,0.1013332,0.37963334,-0.19520956,16927.0,394.29698950655927
1700454151689.9998,39.950385355,116.33293113000002,0.06823475,9.512762,1.9243397,0.06817687,0.37643754,-0.013582111,16928.0,394.3306536590888
1700454151707.0,39.95036861538462,116.33284683846152,-0.025139118,9.783905,2.5480292,0.074701615,0.19267955,0.14913692,16929.0,394.3541972366025
1700454151725.0,39.950358019999996,116.33278613999998,0.30585927,9.8276,2.6072857,0.07643267,0.04221107,0.25126907,16930.0,394.379249102563
1700454152573.0,39.9503526,116.3327461,2.0266917,9.555858,3.2932243,0.1976064,-0.0022636852,-0.29401276,16972.0,395.60057296128656
1700454152585.9998,39.9503526,116.3327461,0.96665895,8.968679,3.6894648,0.15180007,-0.12263848,-0.18895113,16973.0,395.6171722600087
1700454153573.0,39.9503506,116.3327316,2.0458453,12.731766,2.9239187,-0.015978955,-0.8623309,0.047271073,17022.0,396.9344341208271
1700454153587.0,39.9503506,116.3327316,2.5941176,12.466608,2.392406,-0.07856319,-0.59481657,-0.005326318,17023.0,396.95966838871567
1700454153607.0,39.9503506,116.3327316,2.947861,11.882423,2.9574378,0.02929475,-0.20160115,-0.09108004,17024.0,396.9943272593895
1700454154558.0002,39.9503484,116.3327193,0.16160862,8.81964,2.2176294,-0.07017424,0.16325165,0.22849905,17071.0,398.2116026442853
1700454154567.0,39.9503484,116.3327193,0.42437226,9.279925,2.2349873,0.036085807,0.08721846,0.15965639,17072.0,398.22343715980367
1700454154587.0,39.9503484,116.3327193,0.5141548,10.055647,2.086547,0.11984216,0.22383852,0.13608743,17073.0,398.2519418845675
1700454155591.0,39.9503462,116.3327064,-0.43993455,6.9982514,0.4914099,0.054062128,0.5356945,0.17004271,17123.0,399.61493118666766
1700454155608.0,39.9503462,116.3327064,-0.19572599,7.33344,0.29688102,-0.013448954,0.38376123,0.23076274,17124.0,399.6325842940776
1700454156596.0,39.9503439,116.3326922,-2.043451,8.278551,3.352481,-0.46991444,0.16871113,0.30040434,17173.0,401.0387275626606
1700454156609.9998,39.9503439,116.3326922,-1.4736311,7.28795,3.2393548,-0.38935387,-0.16724639,0.32836753,17174.0,401.053462378883
1700454157572.0,39.9503401,116.3326699,-1.4891934,12.342709,4.71538,0.083090566,0.1346227,-0.008388951,17222.0,402.367133711676
1700454157593.9998,39.9503401,116.3326699,-1.6633717,11.934497,4.407127,-0.009853689,0.18788588,0.10266478,17223.0,402.40465816752646
1700454158573.0,39.950336,116.3326531,0.45370123,10.86788,4.394557,0.08375636,-0.085753724,0.25646222,17272.0,403.6828321433971
1700454158593.0,39.950336,116.3326531,0.3764882,10.881647,4.44304,0.16671376,-0.16937692,0.23382537,17273.0,403.7136565187165
1700454159573.0,39.9503308,116.3326335,1.1210849,8.594585,0.87448215,0.07456846,-0.034887385,-0.2378201,17322.0,405.02862667460994
1700454159592.0,39.9503308,116.3326335,1.0223241,9.239823,1.4395138,0.13701953,0.16578165,-0.15126744,17323.0,405.0536283601245
1700454160592.0,39.9503289,116.3326235,1.1091139,5.727529,2.7060466,0.079495296,-0.5121255,-0.53889024,17373.0,406.43687338197793
1700454160614.0002,39.9503289,116.3326235,0.94092125,5.585074,1.858499,0.056325816,-0.5368929,-0.6294376,17374.0,406.45451095391394
1700454161577.0,39.9503259,116.3326024,1.3922282,10.177153,3.1711202,-0.1992043,0.02809633,-0.17510271,17422.0,407.8093364567973
1700454161596.0,39.9503259,116.3326024,0.86969376,9.412804,3.0831332,-0.45500073,-0.12263848,-0.015579481,17423.0,407.83475954845545
1700454162593.0,39.9503235,116.332586,2.5504234,12.356475,2.5019407,0.43729073,-0.027164223,-0.20346536,17473.0,409.1569856774579
1700454162615.0,39.9503235,116.332586,2.8365304,11.960834,3.5751417,0.57817185,0.2752375,-0.27031064,17474.0,409.1952659921757
1700454163561.0,39.9503212,116.3325705,0.22026655,10.344149,3.063381,-0.06657898,-0.22383852,0.124635845,17521.0,410.3724448027187
1700454163577.0,39.9503212,116.3325705,0.6392518,11.391013,3.4165258,0.025699485,-0.08788425,0.017044218,17522.0,410.39828376090975
1700454163593.9998,39.9503212,116.3325705,0.61112,12.20145,4.4298716,0.22024326,0.027563697,-0.06870951,17523.0,410.42768152438975
1700454164575.0,39.9503187,116.3325557,-0.62129533,7.827842,2.272696,0.16857797,0.48509443,0.31145647,17572.0,411.7312729808481
1700454164595.0,39.9503187,116.3325557,-0.6302736,8.202535,2.1888988,0.1950764,0.2651175,0.3705786,17573.0,411.75456280852615
1700454165577.0,39.9503162,116.3325426,-0.8230068,6.4188547,2.7084408,-0.2587259,-0.024234748,0.3476754,17622.0,413.1107092628241
1700454165597.0,39.9503162,116.3325426,-0.22804771,6.0860605,1.5939398,-0.2127864,0.19640799,0.31278804,17623.0,413.1279509913908
1700454166579.0,39.9503128,116.3325235,-0.38486794,9.292496,3.3836055,-0.123570584,0.6375603,-0.008388951,17672.0,414.47368398434566
1700454166596.0,39.9503128,116.3325235,-1.1288661,9.297882,2.866458,-0.33116382,0.977912,-0.030360013,17673.0,414.4962222428466
1700454167577.0,39.9503083,116.3325088,0.08200141,11.865065,5.401319,0.21544957,0.2904175,-0.030360013,17722.0,415.7691698459435
1700454167601.9998,39.9503083,116.3325088,-0.4369418,11.871051,6.349423,0.37230965,0.15592797,-0.10865689,17723.0,415.8112069743037
1700454168559.0,39.9503037,116.3324947,0.79008657,7.7889366,1.1438298,0.13289164,0.01105211,-0.07563372,17771.0,417.0605025655519
1700454168581.0,39.9503037,116.3324947,0.74878657,8.279748,1.4275428,0.23768695,0.07163898,-0.06764424,17772.0,417.08639175315017
1700454169579.0,39.9503016,116.3324828,0.62608373,5.834071,1.1013328,-0.25166854,-0.69681555,-0.16085482,17822.0,418.4792590478135
1700454169601.0,39.9503016,116.3324828,0.7074866,5.5707088,0.7835025,-0.11984216,-0.38256282,-0.33103067,17823.0,418.4967461359424
1700454169619.0,39.9503016,116.3324828,0.6314707,5.5826797,0.7990648,-0.016112113,-0.15073481,-0.4791023,17824.0,418.5110609510373
1700454170588.0,39.9502995,116.3324652,3.3674448,9.352949,3.107674,-0.19680746,-0.012117374,-0.1599227,17872.0,419.856730096463
1700454170600.0,39.9502995,116.3324652,2.6683378,9.09617,3.293823,-0.29214856,0.06125266,-0.15433007,17873.0,419.87283192275385
1700454206587.0,39.9502989,116.33245,0.61291564,11.410766,3.6589386,-0.0013315795,-0.22290641,-0.13528848,19671.0,467.98873677810025
1700454206607.0,39.9502989,116.33245,0.06703765,11.720815,4.2239704,0.16551533,-0.11997532,-0.25473118,19672.0,468.02191894809806
1700454206639.0,39.95028153333333,116.33240676666667,-0.78170687,12.023083,4.19524,0.2017343,0.063649505,-0.21305273,19673.0,468.0764936905006
1700454206647.0,39.950266,116.33238141,-1.7657237,11.959636,4.3915644,0.12743217,0.12263848,-0.061785292,19674.0,468.0901835903539
1700454206667.0,39.95018319032259,116.33228507419355,-2.2403743,11.349114,4.8344917,0.085354246,-0.0022636852,0.08855004,19675.0,468.122932970531
1700454206689.0,39.950121333333335,116.33223430416668,-1.804031,10.111312,4.791396,0.07456846,-0.2359559,0.093077414,19676.0,468.154917848761
1700454206708.0,39.9500303,116.332227325,-0.86490536,8.944737,3.4626143,-0.00066578976,-0.19707377,-0.02929475,19677.0,468.17908647133
1700454207561.9998,39.9500062,116.3322355,0.6631939,7.955932,1.1486182,-0.06711161,-0.05419529,-0.1757685,19719.0,469.2735911739451
1700454207568.0,39.9500062,116.3322355,0.7445967,8.539519,1.5891514,0.021305272,0.093476884,-0.21132168,19720.0,469.2808713054282
1700454207587.0,39.9500062,116.3322355,0.5422867,9.455899,2.2583308,0.15446323,0.17603482,-0.2058622,19721.0,469.3063442591007
1700454208569.0,39.9499986,116.3322377,1.2114661,6.634333,2.6126726,-0.09400952,-0.41092545,-0.40200385,19770.0,470.6829114008543
1700454208589.0,39.9499986,116.3322377,0.94331545,6.5385647,2.6366146,0.08548741,-0.41185755,-0.47297704,19771.0,470.7016137231686
1700454209574.0002,39.9499833,116.3322438,3.9947255,10.240001,4.381389,-0.34700963,-0.3857586,-0.17710008,19820.0,472.063082007846
1700454209590.0002,39.9499833,116.3322438,1.899799,9.555259,5.3103395,-0.36685017,-0.28988487,-0.21864536,19821.0,472.0851463458141
1700454237149.0,39.9499707,116.3322476,-0.37229836,9.667787,2.783858,0.20879167,0.11584742,0.3322291,21198.0,509.1965466418384
1700454237171.0,39.9499707,116.3322476,-0.21906945,10.139444,3.2609026,0.12144005,0.14687322,0.44794336,21199.0,509.228129253277
1700454237236.0,39.949933099999996,116.33225269999998,0.019153614,10.827777,4.8225207,0.2729738,-0.21038957,0.36685017,21202.0,509.3262184928288
1700454237251.0,39.949933099999996,116.33225269999998,0.30047232,11.007342,3.9043443,0.2435459,-0.15845796,0.22943115,21203.0,509.34959853769175
1700454237271.0,39.949878274999996,116.33225725,0.23283611,11.494562,3.3931823,0.16857797,0.09827057,0.15379743,21204.0,509.3821463180566
1700454237291.0,39.94981474666667,116.33226185999999,-0.48243165,12.2798605,3.1573534,-0.0074568456,0.37457332,0.2366217,21205.0,509.4169374207715
1700454237313.0,39.949762875,116.332268075,-1.377863,12.449849,3.9366663,-0.18548903,0.3850928,0.36139068,21206.0,509.4559442110723
1700454237331.0,39.94969958,116.33227806,-1.4975731,11.968016,5.04578,-0.29760802,0.15912376,0.40400124,21207.0,509.4866753213937
1700454237571.0,39.9496635,116.3322795,0.075417355,6.6349316,1.4993688,-0.11824426,0.29534435,0.07976162,21219.0,509.7595186362397
1700454237591.0,39.9496635,116.3322795,0.13347675,7.121553,1.3982137,-0.12756532,0.29441223,0.15366428,21220.0,509.7796832936388
1700454238599.0,39.9496571,116.332279,-1.8357542,9.277532,3.716998,-0.37710333,0.8804404,0.11744532,21270.0,511.1723120783895
1700454238614.0002,39.9496571,116.332279,-2.3319526,8.777742,4.6220064,-0.47484127,0.4009386,0.31651646,21271.0,511.1915959063784
1700454239574.0002,39.9496432,116.3322783,0.55605334,11.282077,4.1545386,-0.16644745,0.2416817,0.12836426,21319.0,512.4486882856636
1700454239591.0,39.9496432,116.3322783,0.33399114,11.68969,4.289212,-0.08948214,0.3322291,-0.02809633,21320.0,512.4768292502754
1700454240574.0002,39.9496337,116.3322771,1.3251907,8.09719,1.7597382,0.50919604,0.020106852,-0.20026956,21369.0,513.755121682305
1700454240595.0,39.9496337,116.3322771,0.93254155,8.746617,1.9488802,0.4436823,0.09800425,-0.120641105,21370.0,513.781268794215
1700454241577.9998,39.9496252,116.3322739,0.7026982,6.1399302,3.7600937,-0.13076112,-0.7041393,-0.50227183,21419.0,515.1155210925566
1700454242596.0,39.9496115,116.3322658,1.246182,11.987768,3.3889925,0.25406536,-0.76339453,-0.2428801,21470.0,516.4695949708413
1700454242620.0,39.9496115,116.3322658,1.8154035,10.97502,3.2441432,-0.076565824,-0.8760462,-0.14514217,21471.0,516.5073859394276
1700454243576.0,39.9496029,116.3322574,0.6667852,9.201516,4.811148,-0.062051605,-0.4689823,-0.17430377,21519.0,517.684334045974
1700454243596.0,39.9496029,116.3322574,0.31004912,9.542689,5.2139726,0.11398321,-0.624644,-0.20626168,21520.0,517.7113636541342
1700454244577.9998,39.9495985,116.332249,-1.8022354,7.4711065,4.2305546,-0.18562219,0.3752391,0.32676962,21569.0,519.0132072378533
1700454244596.0,39.9495985,116.332249,-1.3437457,7.0467343,4.402937,-0.07337003,0.32490543,0.35926017,21570.0,519.031485133853
1700454280611.0,39.9495965,116.3322345,-0.005985504,6.093842,3.5871127,0.65566975,-0.11957584,-0.8427567,23369.0,561.2665876774456
1700454280649.9998,39.9496008,116.3322219,-1.1354501,7.2747817,2.7790697,0.4744418,-0.030892646,-0.48935547,23371.0,561.3046715571774
1700454280663.0,39.94961,116.33221616666667,-1.3311762,7.7691846,2.5540147,0.26458487,0.01691106,-0.22397168,23372.0,561.3191763589999
1700454280688.0,39.94964625000001,116.33218935000002,-1.3096284,7.961918,2.7180176,0.08482162,0.06671213,0.0037284228,23373.0,561.3477302046571
1700454280703.0,39.94964818571428,116.33217534285713,-1.127669,7.9421654,3.153762,-0.013582111,0.0921453,0.1573927,23374.0,561.3647625382735
1700454280723.0,39.949628526666665,116.33215759333333,-0.89662856,7.905654,3.6284127,-0.03888212,0.06165213,0.24474432,23375.0,561.3872869300079
1700454280744.0,39.94961970625,116.33208373750003,-0.48961425,7.9930425,3.6218286,-0.10652637,0.07097319,0.26338643,23376.0,561.4110911821456
1700454280766.0002,39.94963203333334,116.33200177777778,-0.04249708,8.461707,3.3716345,-0.23742063,0.21611536,0.26738116,23377.0,561.437442116237
1700454280785.0,39.949633750000004,116.33195185,0.01316811,9.052477,3.822343,-0.381897,0.31252173,0.28003117,23378.0,561.4617883262626
1700454281607.0,39.9496345,116.3319339,0.6218939,7.933786,5.229535,0.3888212,-0.049268443,-0.38136438,23419.0,562.5197538967841
1700454281623.0,39.9496345,116.3319339,0.20231004,7.302315,4.742315,0.26551697,-0.044341598,-0.29134962,23420.0,562.5362985256616
1700454282585.0,39.9496359,116.3319176,0.4249708,11.219828,9.018359,0.40266967,-0.7352982,-0.1976064,23468.0,563.6377050717895
1700454282605.0,39.9496359,116.3319176,1.22224,10.871471,8.535928,0.29081696,-0.89335674,-0.30146962,23469.0,563.6686761021102
1700454283585.0,39.9496372,116.3319041,-0.8391677,8.891466,4.0743327,0.652474,-0.13595428,0.10359689,23518.0,564.7461180053325
1700454283607.0,39.9496372,116.3319041,-1.0402806,9.449316,4.1904516,0.6761761,-0.29454538,0.069242135,23519.0,564.7757219045122
1700454316608.0,39.9496394,116.3318878,1.365892,5.451597,3.1705215,-0.08362319,-0.5261071,-0.6972151,25167.0,605.5665339605333
1700454316609.9998,39.9496394,116.3318878,1.3275849,5.4378304,2.621651,0.07709846,-0.15273218,-0.7866972,25168.0,605.568118624792
1700454316636.0,39.949648249999996,116.33186905,1.3551182,5.6407394,2.4378958,0.12942953,0.038216334,-0.8297072,25169.0,605.5894688968905
1700454316651.0,39.949664242105264,116.33189533684211,1.7256209,5.9370217,2.4983494,0.12144005,0.054994237,-0.85221094,25170.0,605.60259635156
1700454316673.9998,39.94965621428571,116.33195186785716,1.917157,6.373365,2.498948,0.0820253,0.013848428,-0.84928143,25171.0,605.624264230378
1700454316691.0,39.94963956923076,116.33204894615386,2.007538,6.9886746,2.3744495,0.06977477,0.11345058,-0.82557935,25172.0,605.6417615194589
1700454316710.0002,39.94963224999999,116.33212865,2.082357,7.7183075,2.5169046,0.15659375,0.35127068,-0.7736477,25173.0,605.6632617305268
1700454317592.0,39.9496276,116.3321476,4.4184995,8.363545,5.703587,-0.012250531,-0.5459476,-0.32384014,25217.0,606.8456675011684
1700454317611.0,39.9496276,116.3321476,4.349666,8.738836,4.609437,-0.112917945,-0.20040272,-0.35526544,25218.0,606.8719205627555
1700454318572.0,39.9496245,116.3321599,3.4512417,13.438654,4.5525746,0.16098797,-0.14381059,-0.16285218,25266.0,608.0173404382156
1700454318593.0,39.9496245,116.3321599,3.821146,13.957598,5.430648,0.15206638,-0.45433494,-0.3933486,25267.0,608.0603568108872
1700454319579.0,39.9496207,116.3321717,0.45669398,6.180033,6.7725983,0.66206133,-0.5396892,0.2175801,25316.0,609.39523441155
1700454319592.0,39.9496207,116.3321717,1.1073183,5.6030307,5.7083755,0.72917295,-0.07669898,0.09387636,25317.0,609.4057442469797
1700454319613.0,39.9496207,116.3321717,1.2234371,5.6844335,5.0787005,0.6675208,0.3623228,0.0234358,25318.0,609.4230284386108
1700454355541.0,39.949614,116.3321846,0.85772276,11.423933,3.068768,0.18322535,0.09574057,-0.21718062,27113.0,654.2732740982858
1700454355566.0002,39.949614,116.3321846,0.6907272,11.956045,4.1677065,0.11611374,-0.06711161,-0.21784641,27114.0,654.3156541003395
1700454355622.0002,39.94957626666667,116.33215502222222,1.3144168,11.75553,5.8903346,-0.009054741,-0.5780387,-0.15579481,27117.0,654.4110831544405
1700454355640.0,39.949572020000005,116.33216232666665,1.946486,11.442489,5.5150437,-0.1950764,-0.64594924,-0.11864374,27118.0,654.4406562909475
1700454355660.0,39.94958041599999,116.33226101599999,2.088941,11.067796,5.3875523,-0.44994074,-0.7287735,-0.076565824,27119.0,654.4725424237906
1700454355679.0,39.949586384999996,116.33230993999999,2.2822728,10.636241,5.799355,-0.50014126,-0.6775077,-0.12516847,27120.0,654.501799188974
1700454355703.0,39.94958145,116.33242805,2.3876176,10.3214035,6.5271926,-0.31917962,-0.50626653,-0.23449115,27121.0,654.5377890058446
1700454356563.0,39.9495827,116.3324489,1.0307038,8.342596,1.6310499,0.30333382,0.5090629,0.18695377,27164.0,655.5389715759673
1700454356581.0,39.9495827,116.3324489,1.3467385,9.374496,1.8872294,0.23582274,0.50466865,0.16005586,27165.0,655.5631020695296
1700454357581.0,39.9495849,116.3324606,0.5566519,6.015432,2.2026656,0.2764359,0.4344944,0.08548741,27215.0,656.819136532864
1700454357609.0,39.9495849,116.3324606,0.6607997,6.2404866,2.4331074,0.33941963,0.36139068,0.044607915,27216.0,656.8440083534625
1700454358582.0002,39.9495881,116.3324744,0.19692309,6.2566476,4.012682,-0.16511586,0.2761696,-0.015845796,27265.0,658.1042129614884
1700454358601.9998,39.9495881,116.3324744,0.26276365,6.081871,3.2507274,-0.060187396,0.24208117,-0.07150582,27266.0,658.12144680033
1700454359582.0002,39.9495931,116.3324947,0.0011971008,7.363966,3.4117374,-0.25539696,0.6885598,-0.38123122,27315.0,659.3830533370334
1700454359604.0,39.9495931,116.3324947,-0.6745663,7.467515,3.4985273,-0.4032023,1.0761826,-0.19853851,27316.0,659.4064026129537
1700454360568.0,39.9495954,116.3325106,0.48123455,11.377247,7.341221,-0.7029408,0.5852292,0.5070655,27364.0,660.6270710059847
1700454360583.0,39.9495954,116.3325106,-0.18794483,10.7990465,8.943541,-0.68163556,0.47484127,0.6234456,27365.0,660.6500035537368
1700454361573.0,39.9495962,116.3325255,0.079008654,10.354323,6.079477,-0.16884428,-0.560595,0.8468846,27414.0,661.848163304171
1700454361589.0,39.9495962,116.3325255,0.6135142,10.551247,5.016451,-0.22184116,-0.5075981,0.83436775,27415.0,661.8721001309352
1700454362585.0,39.9496005,116.3325438,1.9668367,10.787674,3.840898,0.49161917,-0.27537066,-0.26178855,27465.0,663.1242286283948
1700454362605.0,39.9496005,116.3325438,1.9668367,10.787674,3.840898,0.23355906,-0.17017587,-0.07869635,27466.0,663.1552719804116
1700454363567.0,39.9496044,116.3325534,0.6266823,6.055535,2.183512,-0.05006739,-0.24487747,-0.38748965,27514.0,664.3702267859697
1700454363590.0002,39.9496044,116.3325534,0.58298814,6.459556,2.3995886,0.043276336,-0.13315795,-0.32863384,27515.0,664.3913423151868
1700454364587.0,39.9496117,116.3325741,0.04189853,6.043564,2.9346926,-0.23635536,-0.4728439,-0.23169485,27565.0,665.6814421412114
1700454364609.9998,39.9496117,116.3325741,0.1376666,5.78499,2.908955,-0.15872428,-0.44541335,-0.2593917,27566.0,665.7002813760358
1700454365589.0,39.9496174,116.3325907,3.0909145,9.742605,6.9647326,0.0109189525,-0.7775093,-0.31824753,27615.0,666.956519175249
1700454365613.0,39.9496174,116.3325907,2.3786395,8.961497,5.9968767,-0.108124256,-0.9170588,-0.31904647,27616.0,666.9880173487023
1700454366568.0,39.9496223,116.3326063,2.4432828,12.448053,7.4028716,0.47244442,-0.33848754,0.24061643,27664.0,668.1236694757408
1700454366596.0,39.9496223,116.3326063,2.7647045,12.354679,7.21373,0.5426187,-0.61958396,0.03195791,27665.0,668.1738470721007
1700454402609.9998,39.9496266,116.3326251,-0.18136078,5.9148755,2.1386206,-0.4791023,-0.27004433,0.598545,29464.0,715.3312183974915
1700454402620.0,39.9496266,116.3326251,0.4830302,5.801749,1.6561891,-0.39041913,0.020639483,0.5535376,29465.0,715.3394591863178
1700454402675.0,39.94964507142857,116.33268711428572,0.81402856,6.7085533,2.6635494,0.27057695,0.63170135,0.2026664,29468.0,715.3876152634542
1700454402697.0,39.94967232941177,116.33276072352939,0.24779987,7.5106106,2.8221653,0.2796317,0.48416233,0.2245043,29469.0,715.4110167824922
1700454402716.0,39.94971225,116.33292122916669,-0.19752164,8.249821,2.915539,0.18695377,0.26778066,0.32916647,29470.0,715.4332106221015
1700454402734.0002,39.949734157894746,116.3330241526316,-0.2873042,8.814852,2.9346926,0.0972053,0.14953639,0.4554002,29471.0,715.4556819098201
1700454402755.0,39.94976,116.3331402,-0.13467385,9.056666,3.3554738,0.08602004,0.0014647375,0.55913025,29472.0,715.4826062786155
1700454403598.0002,39.9497819,116.3331842,0.14963761,7.800309,5.2181625,-0.3404849,0.16231954,0.08468846,29514.0,716.5879672282805
1700454403616.0,39.9497819,116.3331842,-0.2693477,7.5950065,5.0236335,-0.5157208,0.2637859,0.1288969,29515.0,716.6073307104028
1700454404577.0,39.9497809,116.3332029,0.22445641,10.723629,6.612785,0.71066403,-0.2669817,-0.11331742,29563.0,717.7689195166203
1700454404597.0,39.9497809,116.3332029,0.25438392,11.056423,6.217143,0.7293061,-0.32344067,-0.08082688,29564.0,717.8002285336943
1700454405579.0,39.949775,116.3332266,-0.051475335,11.001357,5.245696,0.047936864,-0.034887385,0.36951333,29613.0,719.0384742289507
1700454405597.0,39.949775,116.3332266,0.45489833,11.526285,4.911705,0.035686333,0.07390267,0.40586546,29614.0,719.0678649129486
1700454441609.9998,39.9497685,116.3332481,-1.049259,8.892065,8.773552,0.095341094,-0.2932138,0.26298696,31413.0,764.5145242144806
1700454441685.0,39.94975355,116.3332677,-1.9494787,8.484452,4.6220064,-0.16884428,1.015063,0.1105211,31417.0,764.6022355288422
1700454441704.0,39.94969801111111,116.33329633333334,-1.9494787,8.484452,4.6220064,-0.19427745,0.64435136,0.29121643,31418.0,764.625648638182
1700454441732.0,39.94954552631579,116.3333116842105,-1.5514427,7.557896,5.1301756,-0.09693899,0.12756532,0.32543805,31419.0,764.6562282062288
1700454441744.0,39.94949738636363,116.33329401818183,-0.66738373,6.771401,4.2143936,0.049002126,-0.056991603,0.26365274,31420.0,764.6677858371877
1700454441765.0,39.949441211111115,116.33326053333332,0.108337626,6.271013,2.7982233,0.15752587,0.07017424,0.14421007,31421.0,764.6864295184362
1700454441785.0,39.949404799999996,116.33317265000001,0.6135142,6.0699,1.8166006,0.2549975,0.38149753,0.020772642,31422.0,764.7037009586522
1700454442566.0002,39.9493976,116.3331336,0.80086046,9.660006,6.2351,0.27004433,-0.08788425,0.07390267,31461.0,765.7208046131494
1700454442590.0002,39.9493976,116.3331336,0.9624691,10.449493,5.1840453,0.19840536,0.07683214,0.07523424,31462.0,765.75645389351
1700454443565.0,39.9493957,116.3331219,0.30226797,9.313444,2.0919337,-0.0117179,0.37324175,-0.2175801,31511.0,766.9842833175164
1700454443585.0,39.9493957,116.3331219,0.27234045,10.290278,2.7790697,-0.16218638,0.589224,0.03328949,31512.0,767.0134252952594
1700454444566.0002,39.9493936,116.3331081,0.52253455,6.171055,1.6741456,0.3676491,-0.4870918,-0.44248387,31561.0,768.2697200254661
1700454444590.0002,39.9493936,116.3331081,0.736217,6.3422403,1.5616181,0.2998717,-0.54767865,-0.38962018,31562.0,768.2914105628562
1700454480601.9998,39.9493901,116.3330866,-0.2621651,9.002198,11.109096,0.08255793,0.07190529,-0.14887059,33361.0,813.046411842798
1700454480637.0,39.9493874,116.3330689,0.21428105,8.032547,10.101735,0.6665887,0.05925529,-0.46032706,33362.0,813.0862212462193
1700454480638.0002,39.9493874,116.3330689,0.45190558,8.209718,6.4457893,0.6696513,0.4151865,-0.6131924,33363.0,813.0873850910153
1700454480653.0,39.949382725,116.333044,0.050278235,8.756194,3.389591,0.23156169,0.6998782,-0.56991607,33364.0,813.105976986413
1700454480673.9998,39.94937556666667,116.33301256666668,-0.48362875,8.711303,2.5719712,-0.12556796,0.7247788,-0.44541335,33365.0,813.1319116456341
1700454480695.0,39.94935448333334,116.33291848333333,-1.0079589,8.41921,2.9933507,-0.15566164,0.6508761,-0.23395853,33366.0,813.157116885198
1700454480713.0,39.94934353333334,116.33287063333334,-1.134253,8.039729,3.0627825,-0.04886897,0.57657397,-0.03302317,33367.0,813.1778041657407
1700454480734.0002,39.9493082,116.33269528421052,-0.90979666,7.460931,2.582745,0.038216334,0.56512237,0.077631086,33368.0,813.2001464379252
1700454480753.0,39.949301687500004,116.33265876249999,-0.8283938,7.0928226,2.0937295,0.12836426,0.6327666,0.15619428,33369.0,813.2193518922184
1700454480773.0,39.94928845,116.33255700000001,-0.56084174,6.6510925,1.882441,0.1944106,0.6089313,0.17789903,33370.0,813.2382479583351
1700454481558.0002,39.9492835,116.3325403,1.1019313,10.088568,6.555324,0.027563697,0.43143177,0.12343743,33409.0,814.214141014293
1700454481575.0,39.9492835,116.3325403,0.37110126,10.247183,7.233482,0.090813726,0.25632906,0.088283725,33410.0,814.2388154877749
1700454482575.0,39.9492803,116.3325298,1.7381904,8.555679,3.3877954,0.2616554,0.33915332,-0.021704746,33460.0,815.4560494642951
1700454482593.9998,39.9492803,116.3325298,1.6537948,8.91062,4.010886,0.29427907,0.36272228,0.04886897,33461.0,815.4804233883387
1700454483575.0,39.9492763,116.3325157,1.4203602,5.7975593,2.9317,0.09361004,-0.6273071,-0.5026713,33510.0,816.7025893843614
1700454483595.0,39.9492763,116.3325157,1.4389153,6.087258,2.5552118,0.15046848,-0.4443481,-0.50626653,33511.0,816.7202973260669
1700454519607.0,39.9492695,116.3324943,0.9816227,8.395866,3.4955344,0.34820804,0.03395528,-0.24700801,35310.0,860.1789806892587
1700454519637.0,39.94926605,116.3324729,0.56563014,8.857349,3.454833,0.30905962,0.18881798,-0.17017587,35311.0,860.216670037944
1700454519644.0,39.949264666666664,116.33246609999999,0.24839842,9.114127,3.6230257,0.23315959,0.27417222,-0.095341094,35312.0,860.2257041240397
1700454519663.0,39.94925783333333,116.33244405,0.19871874,9.128492,3.9576154,0.18269272,0.33435962,-0.080960035,35313.0,860.2502605633346
1700454519684.0,39.94924151111111,116.33240924444443,0.19931729,9.189545,4.5872903,0.22237378,0.41918126,-0.12516847,35314.0,860.2775833698939
1700454519703.0,39.94921206666667,116.3323992111111,0.008978256,9.518747,5.3223104,0.35699648,0.41492018,-0.1380848,35315.0,860.3031835754008
1700454519724.0,39.949159466666664,116.33241894444444,-0.095169514,9.692925,5.90889,0.46498758,0.23129536,-0.13475585,35316.0,860.3319976683771
1700454519742.0002,39.949077306250004,116.33244479999999,0.1604115,9.884461,5.345055,0.384427,0.1314269,-0.14993586,35317.0,860.3571856027672
1700454519763.0,39.94903586250001,116.3324647875,0.16160862,10.289082,5.2355204,0.33715594,0.16005586,-0.113583736,35318.0,860.3877741859277
1700454519785.0,39.9489765,116.33250757500001,0.19512744,10.816404,5.5288105,0.35113752,0.2685796,-0.056991603,35319.0,860.4214630301346
1700454520561.9998,39.9489596,116.3325335,1.0618285,7.6231384,6.156091,-0.39627808,-0.33915332,-0.22437115,35358.0,861.399956597521
1700454520583.0,39.9489596,116.3325335,1.5783775,7.015011,5.659294,-0.3834949,-0.63449764,-0.2552638,35359.0,861.4213303802591
1700454521565.0,39.9489572,116.3325454,-0.25977087,9.6767645,6.9743094,0.14687322,-0.34567806,0.06604634,35408.0,862.6448572053658
1700454521584.0,39.9489572,116.3325454,0.75477207,9.287108,4.384382,0.11930953,-0.22663485,0.07989477,35409.0,862.6699167690508
1700454521603.0,39.9489572,116.3325454,1.590947,8.789114,2.2254105,-0.07629951,0.12769848,0.074701615,35410.0,862.6939387878956
1700454522564.0,39.9489561,116.3325548,2.2762873,12.193669,6.6510925,0.52304447,-0.08948214,-0.21305273,35458.0,863.8639793053899
1700454522585.0,39.9489561,116.3325548,2.2463598,12.475587,6.664859,0.42077914,-0.18109483,-0.19054903,35459.0,863.9016599855468
1700454558591.0,39.948955,116.3325727,4.820725,11.389217,5.4402246,-0.31158963,-0.09653952,-0.38029912,37258.0,908.0352082626032
1700454558612.0,39.948955,116.3325727,4.829105,9.658808,7.117962,-0.1254348,-0.4785697,-0.5595297,37259.0,908.0673080629014
1700454558641.9998,39.94896043333333,116.33261036666666,4.882974,8.69155,7.0946183,0.08921583,-0.7564703,-0.80081195,37260.0,908.1096425961024
1700454558651.0,39.948964939999996,116.33262966,4.7626657,9.016563,5.5647235,0.1849564,-0.5348955,-0.8705867,37261.0,908.12263322566
1700454558672.0,39.94898361538462,116.33269161538459,4.0761285,9.390059,4.3795934,0.14194638,-0.21797957,-0.7733814,37262.0,908.1530620385416
1700454558692.0,39.94903222692307,116.33286699615384,3.1160536,9.397242,4.1401734,0.042743705,-0.18575534,-0.5488771,37263.0,908.181090074814
1700454558711.0,39.949048579999996,116.332933712,2.1583729,8.935161,4.299388,-0.05619266,-0.4275702,-0.2660496,37264.0,908.2058119105384
1700454558731.0,39.9490795,116.33308525,1.7196354,8.286332,4.1760864,-0.11518163,-0.7338335,-0.03062633,37265.0,908.2297703415528
1700454559553.9998,39.9490826,116.3331207,2.497751,9.299079,4.620809,-0.0560595,0.35992596,0.33649015,37306.0,909.192459583796
1700454559572.0,39.9490826,116.3331207,2.697667,9.834184,5.2798133,0.06391582,0.12237216,0.27577013,37307.0,909.2184417410692
1700454559591.0,39.9490826,116.3331207,3.0460231,10.218452,5.5898623,0.16777903,-0.095607415,0.15752587,37308.0,909.247118772481
1700454560572.0,39.9490838,116.3331356,0.6817489,7.1610575,2.532467,0.27909908,0.5219792,0.10226531,37357.0,910.5052843020034
1700454560593.9998,39.9490838,116.3331356,0.7553706,7.4962454,2.385822,0.20666115,0.38282913,0.2869554,37358.0,910.5287465769978
1700454561596.0,39.9490853,116.3331492,0.4357447,6.039374,5.083489,-0.24208117,0.0105194785,0.28589013,37408.0,911.8376108679056
1700454597581.0,39.9490903,116.3331719,1.1988965,6.979098,7.1460934,-0.35140383,-0.18029587,0.32317436,39206.0,956.6120616097628
1700454597603.0,39.9490903,116.3331719,1.033098,7.015011,5.507262,-0.27017748,0.36405385,0.24900538,39207.0,956.6341426805284
1700454597636.0,39.949100171428576,116.33323488571428,0.6907272,6.9132576,4.4681787,-0.31878015,0.7869635,0.23835275,39208.0,956.6665963283382
1700454597640.0,39.949100171428576,116.33323488571428,0.19692309,6.473323,4.4119153,-0.38482648,0.8313051,0.26112276,39209.0,956.6702632193508
1700454597659.0,39.94911842777779,116.33331818333333,-0.050876785,6.045359,4.6112323,-0.3556649,0.6900245,0.27137592,39210.0,956.6865224858752
1700454597680.0,39.94910764210526,116.3334156368421,-0.14185645,5.763442,4.656722,-0.23555642,0.5383576,0.298407,39211.0,956.703659793986
1700454597699.0,39.94903934999999,116.33349084375001,0.048482586,5.6886234,4.243124,-0.11638005,0.5498092,0.32317436,39212.0,956.7189596178246
1700454597719.0,39.94897114444445,116.3335159111111,0.2873042,5.949591,3.804985,-0.038083173,0.6139913,0.37031227,39213.0,956.7358225369378
1700454597740.0,39.948924149999996,116.3335227,0.53330845,6.055535,3.50152,-0.036218964,0.64981085,0.37936702,39214.0,956.7538925904038
1700454598580.0,39.9489063,116.3335259,1.5981296,9.950302,5.1265845,-0.1842906,0.11638005,0.1346227,39256.0,957.8027731941772
1700454598600.0,39.9489063,116.3335259,1.3730747,10.084976,4.960786,-0.41119176,0.3997402,0.20439745,39257.0,957.8315871665628
1700454599564.0,39.9488932,116.3335322,0.42796355,9.564836,4.433463,0.2109222,0.06964161,0.12197269,39305.0,959.0179719511748
1700454599582.0002,39.9488932,116.3335322,0.56443304,9.674969,4.4418426,0.121706374,0.03328949,0.29015118,39306.0,959.0426647186404
1700454599601.9998,39.9488932,116.3335322,0.7625532,9.611523,4.735132,0.009587373,-0.11571426,0.3952128,39307.0,959.0699604422308
1700454600545.0,39.9488858,116.333536,0.82240826,7.7637978,2.095525,0.07084003,0.06325003,0.11185268,39354.0,960.271514834329
1700454600561.9998,39.9488858,116.333536,0.92535895,8.04392,2.15538,0.09507478,0.17843166,0.07097319,39355.0,960.2909989803132
1700454600581.0,39.9488858,116.333536,0.7469909,8.388085,2.5145104,0.1858885,0.20812589,0.09187899,39356.0,960.313647593172
1700454635592.0,39.9488709,116.3335431,3.4123359,8.817246,4.8141413,-0.45073968,-0.58988976,-0.25459802,41105.0,1004.6533639139234
1700454635628.0,39.94886,116.3335487,3.1016884,7.662044,5.201403,-0.41531965,-0.43902177,-0.36804858,41106.0,1004.695485991896
1700454635651.0,39.948806308333346,116.33355567500001,1.9710265,5.770026,5.8388596,-0.00079894776,-0.5298355,-0.81785613,41108.0,1004.715336954495
1700454635668.0,39.94877323125,116.33355990000001,1.1336545,5.239112,5.631761,0.2451438,-0.8070704,-0.9990841,41109.0,1004.7282358585192
1700454635689.0,39.94863699583333,116.3336014625,0.50158525,5.0523643,4.7267528,0.3724428,-1.0422273,-1.0873679,41110.0,1004.743328093168
1700454635708.0,39.948585429411764,116.3336230764706,0.24241292,5.099051,3.518878,0.40772966,-1.099219,-1.1113364,41111.0,1004.7570572244196
1700454635728.0,39.9485017,116.33368375,0.18674773,5.240309,2.670732,0.42037967,-1.0472873,-1.10095,41112.0,1004.771901956486
1700454636569.0,39.9484882,116.3336941,2.5252843,10.493786,8.503007,0.83463407,-1.409477,-0.40866175,41154.0,1005.8100560216736
1700454636595.0,39.9484882,116.3336941,3.068768,10.985794,6.117784,0.903743,-1.0985532,-0.5380913,41155.0,1005.8520348416704
1700454637589.0,39.9484798,116.3336992,1.174356,11.047445,5.9358244,-0.32224226,-0.03914844,0.62783974,41205.0,1007.0547087297676
1700454638569.0,39.9484696,116.3337039,1.5310919,6.682217,2.7275944,0.44674495,0.2033322,0.04087949,41254.0,1008.2357496061868
1700454638591.0,39.9484696,116.3337039,1.4969746,6.9527617,2.771887,0.47137916,0.28802067,0.08269109,41255.0,1008.2578973665404
1700454674576.0,39.9484584,116.3337105,1.5933412,8.938153,4.3436804,0.46325654,0.2210422,-0.06684529,43053.0,1052.003005257714
1700454674598.0002,39.9484584,116.3337105,1.4610616,9.718064,4.6154222,0.46818337,0.1998701,-0.18988325,43054.0,1052.033608396178
1700454674636.0,39.948435266666664,116.33372120000001,1.2593501,10.602123,4.4753613,0.29854015,0.3889544,-0.2143843,43055.0,1052.09103705898
1700454674637.0,39.948435266666664,116.33372120000001,0.8206126,11.287464,5.031415,0.15366428,0.70254135,-0.14993586,43056.0,1052.0926390163493
1700454674656.0,39.9484184875,116.33374086250001,0.51595044,11.201871,7.1047935,0.27896592,0.47577336,-0.18788588,43057.0,1052.122797827856
1700454674675.0,39.94842186666666,116.33382006000002,0.21667525,10.73979,8.893861,0.64501715,-0.2476738,-0.33555806,43058.0,1052.151687833835
1700454674703.0,39.94846325416666,116.33397847916666,0.091578215,10.845135,8.327632,0.9606015,-0.68709505,-0.36405385,43059.0,1052.1946729743202
1700454674716.0,39.94848729411765,116.3340644117647,0.3716998,11.3407345,6.3003416,0.9661941,-0.8294409,-0.2327601,43060.0,1052.2155528328974
1700454674737.0,39.94851805,116.33416365000001,0.91578215,11.18152,4.410718,0.6185187,-0.8205193,-0.08335688,43061.0,1052.24890175019
1700454675582.0002,39.9485242,116.3341929,-0.5033809,7.4776907,3.074155,-0.12117374,0.5383576,0.30120328,43103.0,1053.2671998361602
1700454675597.0,39.9485242,116.3341929,-0.635062,7.929596,3.5098996,-0.10253163,0.30253488,0.34461278,43104.0,1053.2840902594116
1700454676577.0,39.948526,116.3342062,-1.5286977,6.68102,5.286996,-0.18535587,0.19054903,0.16724639,43153.0,1054.5531642729632
1700454676599.0,39.948526,116.3342062,-1.0690111,5.911284,4.336498,-0.038083173,0.115447946,0.14594112,43154.0,1054.571871193764
1700454677579.0,39.9485285,116.3342247,0.94092125,7.161656,9.607931,-0.0870853,-0.36791542,0.15965639,43203.0,1055.8107667050017
1700454677599.0,39.9485285,116.3342247,1.0672154,7.195773,7.0862384,0.11598058,0.15499586,-0.012117374,43204.0,1055.8313607653745
1700454713588.0,39.9485325,116.3342391,1.6250644,10.488997,5.445013,-0.15819165,-0.050200548,-0.19654115,45002.0,1099.9819760969613
1700454713604.0,39.9485325,116.3342391,1.7220296,9.66659,6.001665,-0.37577176,-0.16511586,-0.1304948,45003.0,1100.0042136592351
1700454713637.0,39.9485377,116.3342518,2.083554,8.672996,6.783372,-0.39468017,-0.36591807,-0.15393059,45004.0,1100.0458791800374
1700454713644.0,39.94853855,116.33425875,2.1098902,7.739257,6.6708446,-0.31878015,-0.32690278,-0.18322535,45005.0,1100.053827485477
1700454713664.0,39.94853918,116.33427972,1.8046296,7.153276,6.1626754,-0.24434485,-0.16231954,-0.21584904,45006.0,1100.07471290771
1700454713685.0,39.948548293749994,116.33439042500001,1.3395559,6.947375,5.981913,-0.16218638,-0.2201101,-0.2793654,45007.0,1100.0957447082164
1700454713705.0,39.94856330526316,116.3344570894737,0.78050977,6.803723,5.7185507,-0.0820253,-0.43489388,-0.32796803,45008.0,1100.1151323755826
1700454713727.0,39.9486279125,116.33459659999998,0.34835634,6.805518,5.0104656,-0.05219792,-0.61359185,-0.326237,45009.0,1100.1363531854563
1700454713748.0,39.94865386363636,116.33462496363637,0.25318682,6.7486563,4.0222588,-0.10199899,-0.6645914,-0.29760802,45010.0,1100.1564280164805
1700454713764.0,39.9486905,116.33464670000001,0.29209262,6.5864487,3.2243912,-0.21544957,-0.58123446,-0.27856645,45011.0,1100.1713596669265
1700454714565.0,39.9487011,116.3346514,0.27473465,9.603742,4.1144357,0.1548627,-0.18722008,-0.2175801,45051.0,1101.1069783661858
1700454714588.0,39.9487011,116.3346514,0.19572599,10.131663,4.653131,0.17230639,-0.20879167,-0.17443693,45052.0,1101.1399696691997
1700454715565.0,39.9487079,116.3346585,-0.10414778,6.7079544,3.8133647,0.014647375,-0.20759325,0.009054741,45101.0,1102.3214225554923
1700454715591.0,39.9487079,116.3346585,-0.11372458,7.291541,3.6948519,0.10945584,0.055526868,0.02476738,45102.0,1102.3482608775794
1700454716574.0002,39.9487137,116.3346694,-0.6691794,5.792771,4.335301,-0.22756694,0.072837405,0.124635845,45151.0,1103.5518989672628
1700454716588.0,39.9487137,116.3346694,-0.42437226,5.7335143,3.567959,-0.26272064,-0.02476738,0.16005586,45152.0,1103.5632921530084
1700454716607.0,39.9487137,116.3346694,-0.22325931,5.81791,3.0651767,-0.38376123,0.024234748,0.20612851,45153.0,1103.5789506476992
1700454752601.0,39.948721,116.3346911,3.120842,10.230424,3.3596635,-0.39934072,-0.100001626,-0.30999172,46951.0,1149.3407064958265
1700454752633.9998,39.948727700000006,116.3347182,1.0857705,9.225458,5.143344,-0.53769183,-0.017044218,0.060720026,46953.0,1149.3840974246614
1700454752659.0,39.94873345,116.33475285000002,0.43873745,8.078036,5.5898623,-0.537825,-0.5241097,0.23968431,46954.0,1149.4127257057337
1700454752673.9998,39.94873772,116.33477883999998,0.60932434,6.9330096,5.0026846,-0.5241097,-0.96299833,0.21491694,46955.0,1149.4275029610887
1700454752693.0,39.94874515,116.334821925,1.0205284,6.1195793,3.8959646,-0.4322307,-1.0785794,0.029561065,46956.0,1149.4441885501365
1700454752713.0,39.948764772727266,116.3349109818182,1.1695676,5.801749,2.8072014,-0.23915169,-0.7894935,-0.19574219,46957.0,1149.4609437130412
1700454752733.0,39.94880342727272,116.33501511363635,1.043872,5.7963624,2.1877017,-0.028762119,-0.36458647,-0.38083175,46958.0,1149.4776171941137
1700454752755.0,39.948837382352934,116.33510424117647,0.83138657,5.889736,2.135628,0.11411637,-0.15526217,-0.5245092,46959.0,1149.496140250899
1700454752773.0,39.948868825,116.335195575,0.4177882,6.1530986,2.2942438,0.20053588,-0.17710008,-0.57976973,46960.0,1149.5118538278264
1700454753595.0,39.9488737,116.3352319,0.9756372,12.768278,6.908469,0.3797665,0.070307404,-0.27763432,47001.0,1150.5862787776682
1700454753613.0,39.9488737,116.3352319,0.6919243,12.844294,6.6786256,0.43875545,-0.32384014,-0.2749712,47002.0,1150.619052205264
1700454754576.0,39.9488756,116.3352436,0.59495914,8.910022,1.4921862,0.44128546,0.2929475,-0.029561065,47050.0,1151.8116546003384
1700454754595.0,39.9488756,116.3352436,0.5602432,9.712678,1.6023195,0.359127,0.36139068,-0.010652636,47051.0,1151.837819781892
1700454755616.0,39.9488785,116.3352549,0.5189432,5.66528,2.8179753,0.1279648,0.40466702,0.03581949,47102.0,1153.1906805391527
1700454755641.0,39.9488785,116.3352549,0.19393034,5.9717374,2.544438,0.2185122,0.3892207,0.05779055,47103.0,1153.2118241651606
1700454756559.0,39.9488825,116.3352715,-0.31543607,11.157578,5.421071,-0.1757685,1.4443643,0.0017310535,47149.0,1154.4428268453787
1700454756577.9998,39.9488825,116.3352715,-1.1049241,10.1143055,7.27957,-0.03888212,0.9716536,0.076965295,47150.0,1154.4701905992592
1700454756597.0,39.9488825,116.3352715,-1.4227544,9.246407,7.2071457,-0.024501063,0.30599698,0.15512902,47151.0,1154.4953510145533
1700454757558.0002,39.9488851,116.3352877,-0.7793127,10.2735195,4.9135003,-0.3765707,0.16964324,0.5495429,47199.0,1155.6840837593388
1700454757582.0002,39.9488851,116.3352877,-0.6242881,10.800244,5.7825956,-0.4085286,0.09587373,0.5029376,47200.0,1155.7208355925102
1700454758581.0,39.9488868,116.3352981,-0.08140286,9.233837,2.006341,0.16445008,0.2917491,0.04554002,47250.0,1156.9744964437866
1700454758598.0002,39.9488868,116.3352981,-0.0700304,9.876082,2.6509798,0.043276336,0.4310323,0.22303957,47251.0,1156.9982623511714
1700454759584.0,39.9488892,116.335315,1.5376761,5.566519,2.136825,-0.3122554,-0.11957584,-0.0051931604,47300.0,1158.279934859955
1700454759599.0,39.9488892,116.335315,1.6448165,5.427655,2.396596,-0.1304948,0.19947061,-0.26152223,47301.0,1158.2919766753837
1700454759617.9998,39.9488892,116.335315,1.2318168,5.6389437,2.8042088,0.06431529,0.36751595,-0.43689126,47302.0,1158.307499965207
1700454760601.0,39.9488947,116.3353281,1.2258313,8.200141,6.1129956,0.40400124,-0.05912213,-0.3581949,47351.0,1159.5977646478482
1700454761580.0,39.948902,116.3353379,0.6967127,11.33894,7.032369,0.5499424,-0.103730045,-0.23821959,47400.0,1160.776146634557
1700454761600.0,39.948902,116.3353379,0.55605334,11.161768,7.1790137,0.8629967,-0.40333545,-0.4044007,47401.0,1160.8077847866357
1700454762560.0,39.9489088,116.3353443,0.11432313,8.848371,2.272696,0.02210422,0.13156006,0.42903492,47449.0,1161.954710450742
1700454762580.0,39.9489088,116.3353443,0.25737667,9.543288,3.067571,-0.07416898,0.21997695,0.50746495,47450.0,1161.981737322683
1700454763563.0,39.9489165,116.3353505,0.089782566,6.225523,2.7862523,-0.16484955,0.42943442,0.5194492,47499.0,1163.26034612834
1700454763582.0002,39.9489165,116.3353505,0.521936,6.27221,2.5306711,-0.13568796,0.5535376,0.46924862,47500.0,1163.2772732274118
1700454763601.0,39.9489165,116.3353505,0.5770026,6.678027,3.120842,0.0039947387,0.52251184,0.4379565,47501.0,1163.2953003635243
1700454799573.0,39.9489296,116.3353606,1.762731,8.92319,5.9639564,-0.19134799,-0.50946236,0.3230412,49298.0,1209.1144624198123
1700454799597.0,39.9489296,116.3353606,1.6627731,7.8984714,5.559336,-0.23289326,-0.54861075,0.39894122,49299.0,1209.1418832463437
1700454799631.0,39.94894575,116.3353716,1.8249803,6.583456,5.085883,-0.20240009,-0.6295708,0.2793654,49300.0,1209.1747622820387
1700454799633.0,39.948955825,116.3353779,2.0500352,5.657499,4.4340615,-0.10905637,-0.6382261,0.012916322,49301.0,1209.176465827656
1700454799647.0,39.94896561666666,116.33538453333334,1.9393034,5.3725886,3.958214,0.07709846,-0.5523392,-0.24847275,49302.0,1209.187785065943
1700454799665.9998,39.949070647999996,116.33539473199998,1.5825673,5.442619,3.496133,0.2476738,-0.43342915,-0.4255728,49303.0,1209.203028962692
1700454799688.0,39.949139812,116.33538950799999,0.87567925,6.327875,2.4582467,0.28935224,-0.32770172,-0.514256,49304.0,1209.2229223873155
1700454799707.0,39.94927169,116.33534913000001,0.87567925,6.327875,2.4582467,0.2504701,-0.23901853,-0.5063997,49305.0,1209.2401030722176
1700454799732.0,39.949298525,116.335328675,0.4866215,6.8426285,2.4498668,0.2185122,-0.13755217,-0.3997402,49306.0,1209.264378578747
1700454800548.0,39.9493194,116.3353182,1.9033904,12.19307,5.439626,0.29920593,-0.37550545,-0.38948703,49347.0,1210.3069382449758
1700454800569.9998,39.9493194,116.3353182,1.6938977,13.149554,5.29777,0.30839384,-0.49601337,-0.3519365,49348.0,1210.348225628212
1700454801573.0,39.9493289,116.3353175,2.0296845,9.546879,4.167108,0.23529011,-0.3294328,0.17044218,49398.0,1211.6146674914812
1700454801589.0,39.9493289,116.3353175,2.5635915,9.976639,4.173094,0.35260227,-0.3097254,-0.032756858,49399.0,1211.6379966165102
1700454802568.0,39.9493395,116.3353157,0.75956047,6.4511766,1.6310499,0.24194801,0.5720466,-0.48749128,49448.0,1212.929891608149
1700454802591.0,39.9493395,116.3353157,0.4441244,7.101801,1.4335283,0.20226693,0.46565336,-0.49188548,49449.0,1212.953057753912
1700454808113.0,39.94936646666667,116.33530613333333,-0.12808979,6.0303955,3.7960067,-0.33036488,-0.030226856,0.25060326,49725.0,1220.067849065456
1700454808135.0,39.94937892,116.33530174,0.4441244,5.6030307,2.9813797,-0.2587259,0.041278966,0.098936364,49726.0,1220.0853521911936
1700454808153.9998,39.9493976,116.33529515000001,0.7374141,5.5802855,2.4809916,-0.1355548,0.25539696,-0.041278966,49727.0,1220.10049056171
1700454808597.0,39.9494101,116.335293,2.2744915,9.911995,4.9637785,-0.003462107,-0.05273055,-0.13688637,49749.0,1220.7294901873468
1700454808613.0,39.9494101,116.335293,1.435324,9.257181,5.094861,-0.19960378,-0.36804858,0.114649,49750.0,1220.7507063660648
1700454809557.0,39.9494249,116.3352913,2.2511482,11.695077,5.801151,0.39321545,-0.86499405,-0.019707378,49797.0,1221.9090751702415
1700454809573.0,39.9494249,116.3352913,2.3511062,11.853693,4.9961004,0.28469172,-1.0693915,0.015046849,49798.0,1221.936444389277
1700454810577.0,39.9494378,116.3352906,1.7154455,10.875661,3.888782,-0.10879005,-0.31904647,0.4478102,49848.0,1223.185170300148
1700454810595.0,39.9494378,116.3352906,2.1619642,11.139622,4.167108,-0.08415583,-0.40679756,0.32064435,49849.0,1223.214082540528
1700454811563.0,39.9494499,116.3352898,0.19153613,7.0634937,1.6478093,0.047271073,0.5583313,0.035153702,49897.0,1224.4562090920942
1700454811579.0,39.9494499,116.3352898,0.23403321,7.7027454,1.5161282,-0.036884755,0.41824913,0.17496955,49898.0,1224.473662320121
1700454811597.0,39.9494499,116.3352898,0.5153519,8.403648,1.5424645,-0.082824245,0.38682386,0.28083012,49899.0,1224.4951141987954
1700454812597.0,39.9494614,116.3352889,0.15203181,6.827665,1.2228385,0.0051931604,0.20919114,0.24461116,49949.0,1225.844555781278
1700454812616.0,39.9494614,116.3352889,0.36870706,6.7504516,1.1426327,0.04500739,0.2720417,0.1748364,49950.0,1225.862737844095
1700454813577.0,39.9494776,116.3352885,-1.1145009,9.906608,6.6391215,-0.41625178,-0.18548903,0.72637665,49998.0,1227.158468361716
1700454813599.0,39.9494776,116.3352885,0.3633201,8.890269,5.41329,-0.22823274,-0.1874864,0.4668518,49999.0,1227.1861766576292
1700454814604.0,39.9494898,116.3352873,1.0953473,10.38904,3.3800142,-0.09134636,0.08548741,0.22849905,50049.0,1228.4750692621544
1700454815579.0,39.9495008,116.3352863,1.0462662,7.8793178,2.260725,0.05912213,0.2261022,-0.13102743,50098.0,1229.7369463711732
1700454815598.0002,39.9495008,116.3352863,0.76075757,8.393473,2.6258407,0.03648528,0.31158963,0.0519316,50099.0,1229.759612729814
1700454851581.0,39.9495164,116.3352865,1.6220716,8.693945,2.083554,0.04820318,0.7775093,0.45846283,51896.0,1274.8105505642657
1700454851609.0,39.94954565,116.335275875,2.0440497,9.495404,2.8568811,-0.09800425,0.69255453,0.50919604,51897.0,1274.8490467557542
1700454851612.0,39.94955126,116.3352734,2.2643163,10.214862,4.0779243,-0.20852536,0.3648528,0.45713127,51898.0,1274.8534897908798
1700454851624.0,39.949587754545455,116.33525284545453,2.5761611,10.562021,5.1876364,-0.21411799,0.007989477,0.24541011,51899.0,1274.871956384936
1700454851646.0002,39.94966217647059,116.33522227647057,2.6797101,11.195886,5.879561,-0.06538056,-0.15020217,-0.005592634,51900.0,1274.907806251136
1700454851663.0,39.949762314285714,116.33518800952382,2.2960393,12.120048,6.1584854,0.16458324,-0.08415583,-0.16431692,51901.0,1274.9374900546395
1700454851684.0,39.94984230625,116.33516865,2.1811178,12.857462,6.265626,0.36272228,0.077231616,-0.31252173,51902.0,1274.976255526282
1700454851704.0,39.94991822,116.33516986000002,2.1990743,13.063363,6.931214,0.5864276,0.03528686,-0.47936863,51903.0,1275.0137582504085
1700454852585.9998,39.9499367,116.3352079,0.25977087,6.609194,2.0931308,0.31811434,0.6173203,0.32357383,51947.0,1276.0887903494795
1700454852604.0,39.9499367,116.3352079,0.5057751,7.171831,1.8189948,0.13329111,0.48988813,0.43289652,51948.0,1276.107108841212
1700454853566.0002,39.9499406,116.3352246,-1.1575965,7.36217,5.8879404,-0.90054727,0.20373167,0.51159286,51996.0,1277.3498632033118
1700454853589.0,39.9499406,116.3352246,-0.96067345,6.4858923,5.9867015,-0.69095665,0.016378429,0.5250418,51997.0,1277.3712093691224
1700454853605.0,39.9499406,116.3352246,-0.25498247,5.825093,5.2127757,-0.35140383,0.1304948,0.39614493,51998.0,1277.3844146728436
1700454854587.0,39.9499487,116.3352472,0.061052144,9.614515,8.048109,-0.3933486,-0.08255793,0.24740748,52047.0,1278.5948925604494
1700454854606.0002,39.9499487,116.3352472,-0.0035913025,8.884883,8.031948,-0.19148114,-0.06325003,0.17097482,52048.0,1278.6187880109858
1700454855567.0,39.9499516,116.3352621,0.40701428,9.8994255,7.3460093,-0.346477,0.51984864,0.46312338,52096.0,1279.7826027597744
1700454855587.0,39.9499516,116.3352621,0.36990416,10.782288,7.554305,-0.2605901,0.66299343,0.41958073,52097.0,1279.8131453747585
1700454856569.0,39.9499542,116.3352764,0.2873042,8.061277,3.632004,-0.043409493,0.29800752,0.17696692,52146.0,1280.986914158953
1700454856588.0,39.9499542,116.3352764,0.7469909,8.276755,4.607043,-0.07496793,0.1960085,0.22943115,52147.0,1281.009264551381
1700454856608.0,39.9499542,116.3352764,1.0354922,8.721478,5.0840874,-0.14247902,0.14753902,0.27656907,52148.0,1281.0341284723158
1700454857568.0,39.9499581,116.3352887,0.88765025,4.6710877,1.7818847,-0.023036325,-0.58190024,-0.64475083,52196.0,1282.2498355474927
1700454857588.0,39.9499581,116.3352887,0.88765025,4.6710877,1.7818847,-0.017310534,-0.4645881,-0.7386272,52197.0,1282.2632960469791
1700454858589.0,39.9499649,116.3353095,0.38726214,6.903082,2.6318262,-0.17550218,-0.8671246,-0.5323655,52247.0,1283.5229633527294
1700454858609.0,39.9499649,116.3353095,0.39085343,6.4140663,2.689287,-0.23409168,-0.9234504,-0.44940808,52248.0,1283.5411552567198
1700454859591.0,39.9499687,116.3353256,3.9863458,7.9595237,8.487445,0.10825742,-1.024251,-0.84288985,52297.0,1284.733475077338
1700454860552.0,39.9499714,116.3353411,4.4262805,10.374076,5.571307,0.18881798,0.1982722,-0.32370698,52345.0,1285.8352614515431
1700454860571.0,39.9499714,116.3353411,3.9737763,10.807426,6.6510925,0.38216335,0.12183953,-0.5741771,52346.0,1285.86623001633
1700454861555.0,39.9499739,116.3353552,2.6078842,8.14268,4.267066,0.44767705,0.5728455,0.53636026,52395.0,1287.044448696022
1700454861572.0,39.9499739,116.3353552,3.05141,8.529344,4.8620253,0.51518816,0.32770172,0.37377438,52396.0,1287.0662472005558
1700454862574.0002,39.9499772,116.3353695,1.1252748,5.7963624,4.6441526,-0.043942124,0.67471135,0.07376951,52446.0,1288.3231106036455
1700454862593.9998,39.9499772,116.3353695,0.6063316,5.827487,5.1930237,0.35459962,0.38935387,0.016644744,52447.0,1288.339697278446
1700454898559.0,39.9499848,116.3353896,0.3286042,5.0906715,5.9920883,-0.38216335,-0.25752747,0.5720466,54244.0,1332.0730297124717
1700454898580.0,39.9499848,116.3353896,1.110311,4.537012,4.546589,0.027563697,0.16178691,0.23955116,54245.0,1332.086914184046
1700454898620.0,39.9500027,116.33542855000002,1.3587095,4.5202527,3.6463692,0.4379565,0.6888261,-0.034354754,54246.0,1332.1136390495517
1700454898621.0,39.9500027,116.33542855000002,1.2012907,4.859032,3.329736,0.7001445,0.94741887,-0.18508956,54247.0,1332.1143475534889
1700454898639.0,39.950018081818186,116.33547953636365,0.65660983,6.30932,2.7222073,0.73370034,0.99082834,-0.17496955,54248.0,1332.1305098886464
1700454898657.9998,39.95003650000001,116.33559562777779,0.65660983,6.30932,2.7222073,0.6366282,0.93956256,-0.027164223,54249.0,1332.1475701313127
1700454898683.0,39.95005503333333,116.33576081111111,0.6907272,6.969521,2.8167782,0.50586706,0.8444877,0.13875058,54250.0,1332.1723543517414
1700454898699.0,39.9500681,116.3358596,0.8996213,7.5112095,3.1370027,0.42157808,0.787363,0.2850912,54251.0,1332.189487318494
1700454898719.0,39.9500798,116.33592736666667,1.1384429,7.9750857,3.7499185,0.38522595,0.63289976,0.40280282,54252.0,1332.2122936626486
1700454899559.0,39.950088,116.3359601,0.33758244,8.409035,7.199963,-0.4769718,0.231828,0.71559083,54294.0,1333.2816726599474
1700454899577.9998,39.950088,116.3359601,0.33877954,7.6865845,6.265626,-0.560595,0.563125,0.7145256,54295.0,1333.3023654135354
1700454900582.0002,39.9500913,116.3359756,-0.35793316,11.252748,5.783194,-0.75806826,1.0532794,0.5487439,54345.0,1334.4530566899496
1700454900601.0,39.9500913,116.3359756,-0.7673417,10.66138,7.9984293,-0.8608662,0.9827057,0.6527403,54346.0,1334.4818041097617
1700454901603.0,39.9500952,116.335995,0.28550854,10.74398,8.039131,-0.4218444,-0.41531965,0.3892207,54396.0,1335.598399481782
1700454901623.0,39.9500952,116.335995,0.25019407,12.111668,7.6572556,-0.40080544,-0.20599535,0.38682386,54397.0,1335.632694928878
1700454902561.9998,39.9500981,116.3360066,0.62847793,6.8025255,2.404377,-0.18229324,-0.5070655,0.40293598,54444.0,1336.7448779806866
1700454902581.0,39.9500981,116.3360066,0.83976626,6.716933,3.25791,-0.26072326,-0.44927493,0.50719863,54445.0,1336.763083470717
1700454903584.0,39.9501028,116.3360193,0.7230489,4.3742065,3.1423898,0.21518326,-0.5347623,-0.8013446,54495.0,1337.9563443475945
1700454903607.0,39.9501028,116.3360193,0.38726214,4.791396,3.0184898,0.2755038,-0.5105276,-0.74248874,54496.0,1337.9719943243952
1700454904606.0002,39.9501095,116.3360379,1.0115502,4.5244427,3.1771057,-0.3141196,-0.7438203,-0.3885549,54546.0,1339.2159474344612
1700454904622.0002,39.9501095,116.3360379,1.1288661,4.2634745,2.914342,-0.19853851,-0.5997434,-0.537825,54547.0,1339.2259360892076
1700454905583.0,39.9501123,116.3360514,3.5625722,10.751163,8.509591,0.4567318,-0.51984864,-0.10466215,54595.0,1340.436248326107
1700454905603.0,39.9501123,116.3360514,3.4452562,9.546281,8.159439,0.5079976,-0.5190497,-0.19654115,54596.0,1340.4649800154275
1700454906565.0,39.9501148,116.3360673,2.497751,11.418547,11.624448,0.28655592,-0.88550043,-0.15419692,54644.0,1341.484429221413
1700454906583.0,39.9501148,116.3360673,2.7521348,11.7782755,10.781689,0.5992108,-0.99655414,-0.39734334,54645.0,1341.515247440598
1700454907569.0,39.9501181,116.3360825,-0.37469256,9.977237,4.0372224,0.74421984,0.10466215,-0.013582111,54694.0,1342.6910312970574
1700454907585.0,39.9501181,116.3360825,-0.13467385,10.186729,3.2854433,0.8082688,-0.08775109,0.06657898,54695.0,1342.7141042169994
1700454908585.0,39.9501192,116.3360973,-0.6871359,6.642114,2.5995045,0.014780533,0.9773794,-0.13861743,54745.0,1344.001022238097
1700454908609.0,39.9501192,116.3360973,-0.7517793,7.6853876,1.9632454,-0.14567481,0.6966824,-0.019973693,54746.0,1344.027255652012
1700454909588.0,39.9501203,116.3361151,-0.94690675,5.327099,4.2820296,-0.13315795,0.01571264,0.06431529,54795.0,1345.3060419238493
1700454909606.0002,39.9501203,116.3361151,-0.51355624,5.122993,3.401562,0.05725792,0.11997532,-0.031025803,54796.0,1345.3191602187865
1700454945573.0,39.9501232,116.3361397,0.801459,8.981249,3.1908724,0.16524902,0.21425115,0.062051605,56593.0,1390.901630173338
1700454945631.0,39.95012988333333,116.33619011666667,1.4317327,9.595362,5.246893,-0.079095826,0.03328949,0.41252336,56596.0,1390.9781882425696
1700454945655.0,39.950168800000014,116.33638169677415,1.590947,9.7479925,6.066907,-0.08189214,-0.07456846,0.39734334,56597.0,1391.0117422736612
1700454945672.0,39.95018234137931,116.33645912068964,1.5795746,9.951499,6.7881603,0.026631592,-0.11784479,0.31625015,56598.0,1391.0359888487808
1700454945693.0,39.950208599999996,116.33665565,1.5466543,10.1226845,7.001843,0.15912376,-0.120907426,0.19188061,56599.0,1391.0664282369962
1700454946563.0,39.9502119,116.3366923,0.7338228,7.098808,4.401141,0.017576851,-0.9848362,-0.55007553,56642.0,1392.180075785309
1700454946574.0002,39.9502119,116.3366923,0.50517654,7.428011,3.8492777,0.27284065,-0.8862994,-0.5649892,56643.0,1392.1916682866745
1700454946592.0,39.9502119,116.3366923,0.5279215,7.880515,3.1519666,0.43063283,-0.6351634,-0.4934834,56644.0,1392.2117920547323
1700454947575.0,39.9502144,116.3367087,1.0295067,6.577471,3.5583823,-0.48922232,-0.7281077,-0.19307904,56693.0,1393.5160830648365
1700454947593.0,39.9502144,116.3367087,1.1845313,6.325481,3.550601,-0.31465223,-0.80267614,-0.34274858,56694.0,1393.5324799098005
1700454948598.0002,39.9502171,116.3367239,1.6747441,8.391078,3.3482912,-0.4066644,-0.5559345,-0.31505173,56744.0,1394.840979730407
1700454948620.0,39.9502171,116.3367239,1.3862427,7.6847887,3.354875,-0.44221756,-0.6619282,-0.28429222,56745.0,1394.865297172062
1700454949577.0,39.9502195,116.3367389,2.2852654,12.867637,5.625177,-0.34860754,-0.14101428,0.25632906,56793.0,1396.085225384656
1700454949598.0002,39.9502195,116.3367389,2.859874,11.479599,6.843227,-0.3366233,-0.44674495,0.25073642,56794.0,1396.1203920547969
1700454950575.0,39.9502234,116.3367533,2.6910827,11.722012,6.3524156,0.39721018,-0.073636346,-0.15978955,56843.0,1397.313833788617
1700454950596.0,39.9502234,116.3367533,2.742558,11.607688,6.5655,0.60267293,-0.29627645,-0.3528686,56844.0,1397.349288229378
1700454951581.0,39.9502282,116.3367673,1.3072342,9.77792,3.139397,0.1254348,0.30013803,0.5295692,56893.0,1398.6105234977165
1700454951597.0,39.9502282,116.3367673,1.7896658,9.9233675,3.8540661,0.1925464,0.041278966,0.42637178,56894.0,1398.6333605135046
1700454952601.0,39.9502322,116.3367803,0.7200562,6.3991027,3.4386723,0.12144005,0.9985515,0.14434323,56944.0,1399.9523248841454
1700454952624.0,39.9502322,116.3367803,0.74998367,6.915053,3.3985693,0.1998701,0.6562024,0.09254478,56945.0,1399.9749698978276
1700454953584.0,39.9502362,116.3367935,0.11731588,9.553463,3.3363202,-0.3696465,0.7888277,0.32197595,56993.0,1401.295019022731
1700454953600.0,39.9502362,116.3367935,-0.42556936,8.828619,3.9869444,-0.4487423,0.7440867,0.44394863,56994.0,1401.315037295488
1700454954567.0,39.950242,116.3368129,-0.14724341,12.0332575,4.2700586,-0.6302366,-0.054861076,0.48003444,57042.0,1402.5535162435274
1700454954577.9998,39.950242,116.3368129,-0.5069722,12.626421,4.6363716,-0.9158604,-0.01890843,0.7278414,57043.0,1402.5731920534572
1700454955590.0002,39.9502434,116.3368241,0.6655881,9.283517,3.527856,0.41944757,-0.029561065,0.018109482,57093.0,1403.8513365879264
1700454955600.0,39.9502434,116.3368241,0.9139865,9.825804,3.306991,0.2637859,0.11318426,0.09174583,57094.0,1403.8653050554594
1700454956560.0,39.9502447,116.336841,0.8038532,6.3949127,2.0033484,0.30985856,-0.78936034,-0.6394245,57142.0,1405.1337158948688
1700454956580.0,39.9502447,116.336841,0.8086416,6.987478,1.46585,0.3534012,-0.59747976,-0.6771082,57143.0,1405.1536294696457
1700454992585.0,39.9502451,116.3368573,0.8415619,12.1128645,4.045004,-0.25806013,0.2483396,0.3549991,58942.0,1451.7199735466108
1700454992605.0,39.9502451,116.3368573,0.93254155,12.597093,6.2512608,-0.11584742,0.009986847,0.44301653,58943.0,1451.7557335016843
1700454992647.0,39.9502454,116.3368733,1.0103531,12.706627,7.980473,0.13981585,-0.519316,0.4000065,58944.0,1451.8315140995958
1700454992668.0,39.950246050000004,116.33688135,1.3988123,12.774861,6.6588736,0.62570924,-0.97897726,0.21544957,58946.0,1451.8697149813397
1700454992686.0002,39.950253079999996,116.33696026000003,1.6675615,12.852075,4.88058,0.5206476,-0.830373,0.2201101,58947.0,1451.9027352731707
1700454992705.0,39.950272420689664,116.33710695862071,1.8525136,12.663531,3.5296519,0.17603482,-0.5747097,0.30732855,58948.0,1451.937155696949
1700454992727.0,39.950288830434786,116.33721570000003,1.9788077,11.962628,3.733159,-0.090147935,-0.3752391,0.37417385,58949.0,1451.9749147403468
1700454992748.0,39.950322025,116.337380875,2.1176715,10.933122,5.2049947,-0.13901691,-0.44101915,0.3940144,58950.0,1452.0080180171851
1700454992767.0,39.9503286,116.3374045,2.2882583,9.879673,6.045359,-0.17004271,-0.731703,0.32703593,58951.0,1452.0352922843913
1700454993577.0,39.9503306,116.337415,0.019153614,7.820061,1.6825253,0.5576655,0.83343565,-0.20053588,58991.0,1452.975154135524
1700454993585.9998,39.9503306,116.337415,-0.22804771,8.63828,1.7543513,0.5396892,0.75900036,-0.19267955,58992.0,1452.986162706496
1700454994576.0,39.9503343,116.3374293,0.34596214,5.6096144,2.1110873,0.069907926,0.25459802,0.019174745,59041.0,1454.2830703253967
1700454994589.0,39.9503343,116.3374293,0.30107087,5.964555,1.903989,0.1782985,0.43276337,-0.02476738,59042.0,1454.294059974815
1700454994606.0002,39.9503343,116.3374293,0.13826515,6.6026096,1.7723078,0.21811274,0.50493497,-0.03502054,59043.0,1454.309951647727
1700454995589.0,39.9503385,116.3374435,-1.6220716,8.719683,4.8159366,-0.41731703,0.5704487,0.47803706,59092.0,1455.6394798746076
1700454995617.0,39.9503385,116.3374435,-1.2162545,7.61835,5.4049106,-0.27443856,0.15619428,0.56419027,59093.0,1455.670056813798
1700454996569.9998,39.9503429,116.3374624,-0.6147113,12.316971,3.8576574,0.13275848,0.32836753,0.111053735,59141.0,1456.9151764286316
1700454996588.0,39.9503429,116.3374624,-1.0432734,12.835316,2.747945,-0.32024488,0.6817687,0.5371592,59142.0,1456.9479873818566
1700454997569.0,39.9503455,116.3374769,0.5722142,10.58716,6.3123126,0.21811274,-0.11132005,0.27670223,59191.0,1458.204654835344
1700454997590.0002,39.9503455,116.3374769,0.6955156,10.953473,5.6820393,0.30453223,-0.1950764,0.097471625,59192.0,1458.2372801543486
1700454998569.9998,39.9503484,116.3374915,-0.017956512,9.042301,2.5594015,0.2428801,0.008122635,-0.017710008,59241.0,1459.5049382378836
1700454998589.0,39.9503484,116.3374915,-0.019153614,9.400833,3.0184898,0.134889,0.0005326318,0.1254348,59242.0,1459.5302213606724
1700454999571.0,39.9503508,116.3375046,0.10055647,6.259042,2.333748,0.027830012,-0.6950845,-0.43755704,59291.0,1460.834787899374
1700454999591.0,39.9503508,116.3375046,0.14305355,6.3943143,2.7659016,0.08362319,-0.891093,-0.36352122,59292.0,1460.8528947327468
1700455000591.0,39.9503543,116.3375229,1.6124948,6.9569516,3.0550013,-0.08695214,-0.62690765,-0.5482113,59342.0,1462.1966962079705
1700455000612.0,39.9503543,116.3375229,1.163582,6.6630635,2.8473043,0.017044218,-0.50253814,-0.6207824,59343.0,1462.2168022378312
1700455001577.9998,39.9503566,116.337538,3.1507695,10.401609,4.421492,-0.24274695,0.005725792,-0.28495803,59391.0,1463.49521245971
1700455001592.0,39.9503566,116.337538,2.540248,9.887454,4.7381253,-0.25073642,0.11571426,-0.28362644,59392.0,1463.5154427542518
1700455002574.0002,39.9503585,116.3375523,2.0769699,13.503298,5.7544637,0.6647245,-0.629704,-0.41145808,59441.0,1464.7713204210213
1700455002593.0,39.9503585,116.3375523,1.9949685,13.457808,4.4999022,0.45047337,-0.56126076,-0.31784803,59442.0,1464.8079100394102
1700455003595.0,39.950362,116.3375657,2.5570073,11.9135475,3.815759,0.06897582,-0.09187899,0.12756532,59492.0,1466.0695137199407
1700455003616.0,39.950362,116.3375657,2.822764,12.552201,4.477157,0.115447946,-0.19813904,0.12117374,59493.0,1466.107757599876
1700455039604.0,39.9503664,116.3375822,0.3333926,6.156091,2.0751743,0.20026956,0.5976129,0.111053735,61291.0,1513.403693749077
1700455039641.9998,39.9503697,116.3375967,0.39624038,6.2985463,1.8614918,0.2729738,0.5880255,0.059654765,61292.0,1513.4376399745895
1700455039670.0002,39.95038945625,116.33772044999998,0.44113165,7.256227,1.4024036,0.2954775,0.448476,0.037683703,61294.0,1513.4664524007994
1700455039679.0,39.950402766666656,116.3378226962963,0.4381389,8.001422,1.0720038,0.24620906,0.4944155,0.08748478,61295.0,1513.4766610828704
1700455039699.0,39.95041165333334,116.3378927166667,0.6015432,8.933365,1.0378864,0.13182637,0.5544697,0.15845796,61296.0,1513.5020087104767
1700455039719.0,39.95043392857143,116.33808175714286,0.78170687,9.749189,1.5233108,0.012516848,0.5709813,0.20706062,61297.0,1513.529697243967
1700455039739.0,39.9504306,116.3381213,1.0169371,10.333973,2.7072437,-0.026897907,0.44141862,0.20293273,61298.0,1513.5590940348527
1700455040580.0,39.9504292,116.3381315,-1.0450691,8.668806,4.8745947,-0.3528686,0.82677776,0.33342752,61340.0,1514.7319845361358
1700455040600.0,39.9504292,116.3381315,-0.9995792,7.583634,4.9296613,-0.27230802,0.21704747,0.46006075,61341.0,1514.7536394958345
1700455041603.0,39.9504295,116.3381481,0.8343793,9.15842,5.0421886,0.00066578976,1.0519478,-0.43302968,61391.0,1516.0888578973247
1700455041621.0,39.9504295,116.3381481,-1.0618285,9.147646,5.109825,-0.07669898,0.92092043,-0.25379905,61392.0,1516.1123216780404
1700455042569.0,39.9504334,116.3381635,1.3994108,12.49893,3.8355112,-0.2486059,-0.0117179,0.51385653,61439.0,1517.342047503916
1700455042581.0,39.9504334,116.3381635,1.8046296,13.087305,3.4745853,-0.43063283,0.18002956,0.62570924,61440.0,1517.3644879476094
1700455042606.0002,39.9504334,116.3381635,1.6699557,13.168109,3.751714,-0.5873597,0.47723812,0.7363635,61441.0,1517.4114598182582
1700455078588.0,39.9504405,116.3381807,1.7621324,9.727641,4.036624,-0.12756532,-0.29814067,-0.25379905,63239.0,1564.3224013449135
1700455078608.0,39.9504405,116.3381807,1.1270704,8.756194,3.9264908,-0.25140223,-0.41159123,-0.07443529,63240.0,1564.3473946374245
1700455078641.0,39.9504450125,116.3382477,0.9756372,7.6171527,3.6601357,-0.349007,-0.61026293,0.0018642114,63241.0,1564.3832661751414
1700455078652.0,39.950450606666664,116.33830218666668,1.2306197,6.6947865,3.2279825,-0.39121807,-0.7364966,-0.061385818,63242.0,1564.3938649392494
1700455078667.0,39.950454279999995,116.33834159500002,1.4514848,6.1112,2.9526494,-0.34447962,-0.7217161,-0.22157484,63243.0,1564.407201514072
1700455078687.0,39.950485426086956,116.33853962608696,1.4760253,5.884948,2.8904,-0.17963009,-0.57311183,-0.42637178,63244.0,1564.424377838417
1700455078707.0,39.95050186,116.33861891333332,1.3084313,5.7520695,3.0711622,0.069907926,-0.4579302,-0.6218476,63245.0,1564.4410779302127
1700455078727.0,39.950516949999994,116.33871735,0.8750807,5.852626,2.8963854,0.25539696,-0.4085286,-0.72517824,63246.0,1564.4578308968228
1700455079593.9998,39.9505213,116.3387361,2.3983915,14.60882,3.4099417,-0.08349004,-0.7090661,-0.22184116,63289.0,1565.6118916566263
1700455079608.0,39.9505213,116.3387361,2.7090392,14.630966,2.9975405,-0.351537,-0.30599698,-0.016112113,63290.0,1565.6413786640494
1700455080571.0,39.950526,116.3387533,0.8535329,11.552622,1.8010383,-0.03834949,-0.0054594763,0.3319628,63338.0,1566.855126458962
1700455080589.0,39.950526,116.3387533,1.2198458,12.270883,2.5270798,-0.005592634,0.032224227,0.31052434,63339.0,1566.886545547008
1700455081572.0,39.9505306,116.3387695,0.88286185,8.249222,0.7691373,0.11638005,0.47710496,0.008655267,63388.0,1568.2002336866228
1700455081590.0002,39.9505306,116.3387695,0.88286185,8.249222,0.7691373,0.08855004,0.46125916,0.07230477,63389.0,1568.2213719084682
1700455117601.0,39.9505353,116.3387905,0.48482585,12.076952,3.9223008,0.20146799,0.05992108,0.18508956,65188.0,1615.9180662150638
1700455117635.0,39.95054629999999,116.33881956666666,0.06404489,12.331934,3.810372,0.0087884255,0.14807165,0.31558436,65189.0,1615.9774169142008
1700455117655.0,39.95055692222222,116.33886313333333,0.54288524,11.139622,4.3197384,-0.31238857,-0.015978955,0.3534012,65191.0,1616.0089906121889
1700455117676.0,39.95059557000001,116.33906661333334,0.7302315,10.963648,3.8959646,-0.51066077,0.28495803,0.3609912,65192.0,1616.0416528118922
1700455117696.0,39.95060677307692,116.33912702307693,0.4758476,10.357915,4.336498,-0.5787045,0.60986346,0.3655186,65193.0,1616.0710069967226
1700455117716.0,39.9506412,116.33930685,0.17417817,9.363723,5.035006,-0.51958233,0.7307709,0.32570437,65194.0,1616.0975202822945
1700455118560.0,39.9506425,116.3393267,0.32680854,9.44333,3.353678,-0.13116059,0.017177377,0.45460126,65236.0,1617.134798557681
1700455118576.0,39.9506425,116.3393267,0.6751649,9.844957,4.0779243,-0.15100113,0.015313165,0.5366266,65237.0,1617.1571477879145
1700455118596.0,39.9506425,116.3393267,0.94211835,10.291476,4.812944,-0.13781849,0.0023968432,0.5834982,65238.0,1617.186404781383
1700455119581.0,39.950643,116.339337,-0.30047232,8.134899,2.1499932,0.092677936,-0.39215016,-0.29361328,65287.0,1618.478450190534
1700455119598.0002,39.950643,116.339337,-0.11611878,8.782531,2.1051018,0.11092058,-0.17656745,-0.12303795,65288.0,1618.4995858811255
1700455120577.9998,39.9506439,116.3393488,0.6422446,5.921459,2.3750482,-0.04500739,-0.71559083,-0.728374,65337.0,1619.8260367472412
1700455120600.0,39.9506439,116.3393488,0.32441434,6.0124393,2.2655134,0.035952646,-0.6996119,-0.7286403,65338.0,1619.8447873200175
1700455121580.0,39.9506454,116.3393679,2.1841104,8.0445175,3.7116113,-0.22410484,-0.49042076,-0.029561065,65387.0,1621.1903814584616
1700455122577.9998,39.9506466,116.339382,2.243367,11.835137,1.8896236,0.042876862,-0.57910395,-0.1757685,65437.0,1622.4995551209756
1700455122599.0,39.9506466,116.339382,2.3427265,10.970232,2.179322,-0.13528848,-0.6945519,-0.1238369,65438.0,1622.5328999723938
1700455123560.0,39.9506471,116.3393957,2.3235726,11.678317,6.616975,0.40599862,-0.24820642,0.32170963,65486.0,1623.752497074186
1700455123577.9998,39.9506471,116.3393957,2.586935,11.166556,7.0503254,0.6789724,-0.784034,0.03502054,65487.0,1623.7817018554974
1700455124582.0002,39.9506466,116.3394105,-0.5542577,10.716447,1.9937714,0.09361004,-0.30133647,0.3154512,65537.0,1625.0624123316074
1700455124601.9998,39.9506466,116.3394105,0.42078096,11.121067,1.7723078,-0.09187899,-0.29774117,0.40133807,65538.0,1625.0939186001594
1700455125569.0,39.9506468,116.339425,0.676362,6.423643,1.7788919,0.10745847,0.4934834,0.22197431,65586.0,1626.365462296819
1700455125581.0,39.9506468,116.339425,0.664391,6.9892735,1.4915876,0.1238369,0.56272554,0.24887222,65587.0,1626.3773877946526
1700455125601.0,39.9506468,116.339425,0.53450555,7.5944076,1.4065934,0.11584742,0.54195285,0.29973856,65588.0,1626.3989407468846
1700455126584.0,39.9506486,116.3394385,0.18016368,5.6509147,1.6244658,0.03968107,0.37071174,0.27830014,65637.0,1627.7175585185498
1700455126603.0,39.9506486,116.3394385,0.31124622,5.7628436,1.3269863,0.082824245,0.53436285,0.24740748,65638.0,1627.733079986825
1700455127569.0,39.9506531,116.3394574,-1.3425486,9.105149,3.5500026,-0.49082023,0.67311347,0.346477,65686.0,1629.0574424464824
1700455127582.0002,39.9506531,116.3394574,-1.1959038,8.191761,3.888782,-0.4854939,0.53316444,0.42570597,65687.0,1629.072676302961
1700455127601.9998,39.9506531,116.3394574,-0.7739257,7.0964136,3.9558198,-0.3322291,0.36591807,0.38203016,65688.0,1629.0928853696366
1700455128576.0,39.9506578,116.339473,-0.0047884034,10.928333,5.811326,-0.1514006,0.2692454,0.54248554,65736.0,1630.3995122283677
1700455128584.0,39.9506578,116.339473,0.3842694,9.182362,6.4344172,-0.03395528,-0.16764587,0.31012487,65737.0,1630.4099194362625
1700455128603.0,39.9506578,116.339473,0.842759,8.495226,5.2049947,-0.03701791,-0.005060002,0.11225215,65738.0,1630.4328790722072
1700455164601.0,39.9506612,116.3394909,0.49679685,9.7240505,5.0397944,0.19307904,0.09906952,0.01944106,67536.0,1676.9762566007444
1700455164608.0,39.9506612,116.3394909,0.29807812,10.097546,5.4085016,0.14008217,0.30573067,-0.024634222,67537.0,1676.9862661126049
1700455164649.9998,39.950663675,116.339532225,-0.62129533,10.481815,8.028955,0.3285007,-0.018642114,-0.011185268,67539.0,1677.0486064715203
1700455164668.0,39.95066535714285,116.3395561,-0.85772276,9.945514,8.119336,0.40613177,-0.40426755,0.04167844,67540.0,1677.074040708536
1700455164693.0,39.950672450000006,116.33962703333333,-0.66738373,9.709685,6.701969,0.32610384,-0.5432845,-0.022636853,67541.0,1677.1084819251669
1700455164709.0,39.950685299999996,116.3396933181818,-0.8439561,9.814431,5.2157683,0.21078904,-0.39960703,-0.08229162,67542.0,1677.1307916787043
1700455164729.0,39.95070591999998,116.3398061,-1.3036429,10.074203,4.2012253,0.08908267,-0.088283725,-0.05392897,67543.0,1677.1595495462009
1700455164751.0,39.95072258125,116.33989655625001,-1.661576,10.156203,3.8420951,-0.05139897,0.07297056,0.026498433,67544.0,1677.191597447277
1700455164769.0,39.9507423,116.3399936,-1.6531962,9.675568,3.7672763,-0.29947224,-0.0015978955,0.0494016,67545.0,1677.2166070908925
1700455164790.0002,39.9507498,116.3400252,-1.5658079,9.314043,2.8987796,-0.81692404,0.21531641,0.07243793,67546.0,1677.244682058715
1700455165573.0,39.950754,116.3400376,0.05686229,6.839636,4.1335893,0.29814067,-0.30266804,-0.45486757,67585.0,1678.1737467700784
1700455165593.0,39.950754,116.3400376,0.05626374,7.1610575,3.5895069,0.35167015,-0.29494488,-0.402137,67586.0,1678.1940203495856
1700455166590.0002,39.9507572,116.3400481,1.1097125,6.3829417,4.280234,-0.37483963,-0.65313977,-0.15712638,67636.0,1679.4503217973274
1700455166609.0,39.9507572,116.3400481,1.3108255,5.8759694,3.6876693,-0.27683538,-0.589224,-0.30493173,67637.0,1679.4665133763403
1700455167599.0,39.9507612,116.3400674,2.6180596,8.593389,5.7724204,0.40453386,-0.5510076,-0.4981439,67686.0,1680.7138439325804
1700455167611.0,39.9507612,116.3400674,2.167351,9.0716305,3.591901,0.17723323,-0.12516847,-0.44061968,67687.0,1680.729686680197
1700455168563.0,39.9507638,116.3400805,1.216853,11.391013,6.3751607,0.24061643,-0.5038697,0.09108004,67734.0,1681.8566926753804
1700455168571.0,39.9507638,116.3400805,1.6172832,11.286267,6.7905545,0.42610547,-0.6352966,-0.1482048,67735.0,1681.8696037948384
1700455168591.0,39.9507638,116.3400805,1.9237411,11.412561,6.4667387,0.55340445,-0.6844319,-0.35646385,67736.0,1681.9023685477634
1700455169573.0,39.9507666,116.3400933,0.51475334,9.23683,5.5312047,-0.017843166,0.2226401,0.61718714,67785.0,1683.0783154814098
1700455169593.9998,39.9507666,116.3400933,0.9211691,9.494206,6.417059,0.046738442,-0.11225215,0.4728439,67786.0,1683.1066700093522
1700455170573.0,39.9507697,116.3401054,0.2896984,6.209362,1.8136078,0.45606598,0.7163898,-0.18069534,67835.0,1684.3160174486504
1700455170593.0,39.9507697,116.3401054,-0.45549688,7.133524,2.0512323,0.4278365,0.6645914,0.03382212,67836.0,1684.336253582807
1700455171574.0002,39.9507724,116.3401163,-1.1186907,6.441001,6.854001,-0.31345382,-0.10026794,0.45606598,67885.0,1685.610697039856
1700455171593.9998,39.9507724,116.3401163,-0.37948096,5.872977,5.121796,0.011851058,-0.036218964,0.27164224,67886.0,1685.6273581097482
1700455172574.0002,39.9507764,116.3401349,1.0319009,9.239224,3.3836055,-0.3239733,0.24141537,-0.09094688,67935.0,1686.87943613871
1700455172596.0,39.9507764,116.3401349,0.1376666,10.077195,2.1811178,-0.744353,1.4301164,0.14847112,67936.0,1686.910820459853
1700455173564.0,39.9507784,116.3401475,0.79846627,10.651205,6.491878,0.23236063,-0.04607265,-0.030759487,67984.0,1688.105637527475
1700455173575.0,39.9507784,116.3401475,0.6218939,11.18571,5.701193,0.1681785,0.03195791,-0.022370536,67985.0,1688.1230811343878
1700455173593.9998,39.9507784,116.3401475,0.1400608,11.686098,5.111022,-0.05672529,0.16192007,0.12663321,67986.0,1688.1545125679138
1700455174598.0002,39.9507807,116.340161,0.6015432,9.5809965,4.4155064,0.269778,0.35606438,0.15752587,68036.0,1689.3892632602074
1700455174617.0,39.9507807,116.340161,0.60573304,9.957485,5.0212393,0.15166691,0.23009695,0.20439745,68037.0,1689.4160929227912
1700455175581.0,39.9507848,116.3401739,0.6781576,6.1626754,3.3303347,0.3119891,-0.35380068,-0.38402754,68085.0,1690.642539207368
