Time_Stamp,Latitude,Longitude,Acceleration_X,Acceleration_Y,Acceleration_Z,Gyroscope_X,Gyroscope_Y,Gyroscope_Z,Index
1697515089615.0,39.9510885,116.3405165,1.204882,9.593566,2.4247277,-0.07603319,-0.09147952,0.040480018,82
1697515090613.0,39.9510437,116.3405492,1.6531962,9.367912,2.7563248,-0.44448125,0.014114743,-0.10213215,133
1697515091684.0,39.9510615,116.3405582,1.5454572,9.524733,2.1068976,0.078030564,0.21025641,-0.0560595,186
1697515125699.0,39.9510595,116.3405617,1.4311341,9.326612,1.6454151,0.13755217,-0.069242135,-0.025566328,1885
1697515125828.0,39.9510478,116.3405442,0.79367787,9.064447,3.4913447,0.015845796,-0.17084165,0.0051931604,1892
1697515125828.0,39.9510328,116.3405219,0.79367787,9.064447,3.4913447,0.015845796,-0.17084165,0.0051931604,1892
1697515125829.0,39.9510144,116.3404919,0.79367787,9.064447,3.4913447,0.015845796,-0.17084165,0.0051931604,1892
1697515125831.0,39.9509876,116.3404611,0.79367787,9.064447,3.4913447,0.015845796,-0.17084165,0.0051931604,1892
1697515125833.0,39.9509556,116.3404323,0.79367787,9.064447,3.4913447,0.015845796,-0.17084165,0.0051931604,1892
1697515125835.0,39.9509214,116.3404033,0.79367787,9.064447,3.4913447,0.015845796,-0.17084165,0.0051931604,1892
1697515125838.0,39.950887,116.3403703,0.9552865,9.223063,2.4390929,0.09254478,-0.10319742,-0.036751594,1893
1697515125840.0,39.9508506,116.3403359,0.9552865,9.223063,2.4390929,0.09254478,-0.10319742,-0.036751594,1893
1697515125853.0,39.9508281,116.3402904,0.9552865,9.223063,2.4390929,0.09254478,-0.10319742,-0.036751594,1893
1697515125855.0,39.9508049,116.3402428,0.9552865,9.223063,2.4390929,0.09254478,-0.10319742,-0.036751594,1893
1697515125901.0,39.9507394,116.3400869,1.2826935,9.545682,2.2511482,-0.23076274,0.029694224,-0.018642114,1896
1697515125901.0,39.9507135,116.3400565,1.2826935,9.545682,2.2511482,-0.23076274,0.029694224,-0.018642114,1896
1697515125902.0,39.950687,116.3400342,1.2826935,9.545682,2.2511482,-0.23076274,0.029694224,-0.018642114,1896
1697515125902.0,39.9506593,116.3400297,1.2826935,9.545682,2.2511482,-0.23076274,0.029694224,-0.018642114,1896
1697515125902.0,39.9506283,116.3400358,1.2826935,9.545682,2.2511482,-0.23076274,0.029694224,-0.018642114,1896
1697515125906.0,39.9505955,116.3400466,1.2826935,9.545682,2.2511482,-0.23076274,0.029694224,-0.018642114,1896
1697515125910.0,39.9505606,116.3400579,1.2826935,9.545682,2.2511482,-0.23076274,0.029694224,-0.018642114,1896
1697515125914.0,39.9505241,116.3400742,1.2826935,9.545682,2.2511482,-0.23076274,0.029694224,-0.018642114,1896
1697515125914.0,39.9504851,116.3400869,1.2826935,9.545682,2.2511482,-0.23076274,0.029694224,-0.018642114,1896
1697515125914.0,39.9504465,116.3400967,1.2826935,9.545682,2.2511482,-0.23076274,0.029694224,-0.018642114,1896
1697515125914.0,39.9504063,116.3401065,1.2826935,9.545682,2.2511482,-0.23076274,0.029694224,-0.018642114,1896
1697515125918.0,39.9503656,116.3401175,0.80325466,9.907207,3.514688,-0.2150501,0.0005326318,-0.0022636852,1897
1697515125918.0,39.9503248,116.3401286,0.80325466,9.907207,3.514688,-0.2150501,0.0005326318,-0.0022636852,1897
1697515125931.0,39.9502817,116.3401321,0.80325466,9.907207,3.514688,-0.2150501,0.0005326318,-0.0022636852,1897
1697515125931.0,39.9502368,116.340143,0.80325466,9.907207,3.514688,-0.2150501,0.0005326318,-0.0022636852,1897
1697515125931.0,39.9501866,116.3401555,0.80325466,9.907207,3.514688,-0.2150501,0.0005326318,-0.0022636852,1897
1697515125939.0,39.9501363,116.3401723,1.834557,10.66557,2.3211784,-0.13608743,-0.2049301,-0.016644744,1898
1697515125944.0,39.950083,116.3401872,1.834557,10.66557,2.3211784,-0.13608743,-0.2049301,-0.016644744,1898
1697515125949.0,39.9500304,116.3402023,1.834557,10.66557,2.3211784,-0.13608743,-0.2049301,-0.016644744,1898
1697515125951.0,39.9499777,116.3402251,1.834557,10.66557,2.3211784,-0.13608743,-0.2049301,-0.016644744,1898
1697515126086.0,39.9499226,116.340243,0.37349546,9.038112,4.257489,0.41505334,0.13622059,0.18841851,1905
1697515127676.0,39.9498136,116.3402782,0.82240826,8.962095,2.9269116,0.33795488,-0.14727269,-0.1155811,1984
1697515128698.0,39.9497605,116.3402911,0.37828386,9.060856,3.0699651,0.08135951,0.1649827,0.0067910557,2035
1697515129702.0,39.9497115,116.3403032,0.80804306,9.596559,2.344522,-0.52251184,0.017044218,-0.20080219,2086
1697515130715.0,39.9496658,116.3403172,1.0540473,10.51713,2.593519,-0.32037804,0.09653952,-0.07403582,2136
1697515131697.0,39.9496251,116.3403296,0.7565677,9.02614,5.2558713,0.22130851,-0.04167844,-0.107724786,2185
1697515132748.0,39.9495838,116.3403382,0.2741361,10.055049,3.4925418,0.3117228,-0.03581949,0.032224227,2238
1697515133710.0,39.9495429,116.3403463,0.830788,8.862138,4.5842977,-0.22943115,-0.16205323,-0.18415745,2286
1697515134693.0,39.949521,116.340346,1.666963,8.686164,1.8417397,0.28562382,-0.16005586,-0.057657395,2335
1697515135708.0,39.9494786,116.3403361,0.40462008,7.645883,4.9901147,0.95567465,-0.7661909,-0.229298,2386
1697515136714.0,39.9494579,116.3403156,2.3756466,9.792884,4.197634,0.17084165,-0.073236875,-0.04367581,2436
1697515170808.0,39.9494267,116.3402389,1.697489,9.926959,1.8231846,-0.6097303,0.030226856,-0.13062796,4139
1697515170815.0,39.9494205,116.3401952,0.97264445,10.048465,2.678513,-0.59428394,0.08721846,-0.20572904,4140
1697515170815.0,39.949413,116.3401482,0.97264445,10.048465,2.678513,-0.59428394,0.08721846,-0.20572904,4140
1697515170818.0,39.9493992,116.3401001,0.97264445,10.048465,2.678513,-0.59428394,0.08721846,-0.20572904,4140
1697515170823.0,39.9493889,116.3400629,0.97264445,10.048465,2.678513,-0.59428394,0.08721846,-0.20572904,4140
1697515170830.0,39.9493765,116.3399945,0.97264445,10.048465,2.678513,-0.59428394,0.08721846,-0.20572904,4140
1697515170830.0,39.9493641,116.3399316,0.97264445,10.048465,2.678513,-0.59428394,0.08721846,-0.20572904,4140
1697515170869.0,39.9493461,116.3398274,-0.20470424,9.980828,3.840898,-0.5012065,0.14594112,-0.23981747,4141
1697515170869.0,39.9493375,116.3397782,-0.20470424,9.980828,3.840898,-0.5012065,0.14594112,-0.23981747,4141
1697515170875.0,39.9493297,116.3397291,-1.1869255,9.664794,4.667496,-0.07603319,0.09640636,-0.09653952,4143
1697515170880.0,39.9493144,116.3396741,-1.1869255,9.664794,4.667496,-0.07603319,0.09640636,-0.09653952,4143
1697515170880.0,39.9493004,116.3396205,-1.1869255,9.664794,4.667496,-0.07603319,0.09640636,-0.09653952,4143
1697515170883.0,39.9492877,116.339565,-1.1869255,9.664794,4.667496,-0.07603319,0.09640636,-0.09653952,4143
1697515170885.0,39.9492741,116.3395166,-1.1869255,9.664794,4.667496,-0.07603319,0.09640636,-0.09653952,4143
1697515170887.0,39.9492671,116.339466,-1.1869255,9.664794,4.667496,-0.07603319,0.09640636,-0.09653952,4143
1697515170895.0,39.949261,116.339413,-1.2300211,9.303867,4.43885,0.18469009,0.030493172,0.032756858,4144
1697515170895.0,39.9492574,116.339355,-1.2300211,9.303867,4.43885,0.18469009,0.030493172,0.032756858,4144
1697515170900.0,39.9492536,116.3393086,-1.2300211,9.303867,4.43885,0.18469009,0.030493172,0.032756858,4144
1697515170900.0,39.9492503,116.3392593,-1.2300211,9.303867,4.43885,0.18469009,0.030493172,0.032756858,4144
1697515170906.0,39.9492425,116.3392161,-1.2300211,9.303867,4.43885,0.18469009,0.030493172,0.032756858,4144
1697515170908.0,39.9492348,116.3391787,-1.2300211,9.303867,4.43885,0.18469009,0.030493172,0.032756858,4144
1697515170910.0,39.9492262,116.3391405,-1.2300211,9.303867,4.43885,0.18469009,0.030493172,0.032756858,4144
1697515170916.0,39.9492206,116.3390986,-1.0528502,8.9279785,3.7283707,0.3889544,0.013182637,0.14407691,4145
1697515170916.0,39.9492162,116.339055,-1.0528502,8.9279785,3.7283707,0.3889544,0.013182637,0.14407691,4145
1697515170916.0,39.9492073,116.3390103,-1.0528502,8.9279785,3.7283707,0.3889544,0.013182637,0.14407691,4145
1697515170916.0,39.9491967,116.3389649,-1.0528502,8.9279785,3.7283707,0.3889544,0.013182637,0.14407691,4145
1697515170916.0,39.9491873,116.3389177,-1.0528502,8.9279785,3.7283707,0.3889544,0.013182637,0.14407691,4145
1697515170916.0,39.9491761,116.3388697,-1.0528502,8.9279785,3.7283707,0.3889544,0.013182637,0.14407691,4145
1697515170919.0,39.9491647,116.3388234,-1.0528502,8.9279785,3.7283707,0.3889544,0.013182637,0.14407691,4145
1697515170924.0,39.9491539,116.3387799,-1.0528502,8.9279785,3.7283707,0.3889544,0.013182637,0.14407691,4145
1697515170930.0,39.9491447,116.3387397,-1.0528502,8.9279785,3.7283707,0.3889544,0.013182637,0.14407691,4145
1697515171706.0,39.9491308,116.3386662,0.6488287,8.038532,2.1320367,0.15459639,0.19028272,0.42810282,4184
1697515172690.0,39.9491232,116.338638,1.2144588,9.512163,1.7178397,0.413056,-0.078030564,0.012117374,4233
1697515173691.0,39.9491073,116.338595,0.21188685,9.572617,1.95307,0.20413114,-0.21957746,-0.023169484,4283
1697515209703.0,39.9490954,116.3385498,-0.42796355,9.46009,3.5009215,0.12996216,-0.1808285,-0.18761955,6082
1697515209736.0,39.9490929,116.3385034,-0.52133745,9.293094,3.532046,0.13329111,-0.17843166,-0.12783164,6083
1697515209737.0,39.9490968,116.3384608,-0.52133745,9.293094,3.532046,0.13329111,-0.17843166,-0.12783164,6083
1697515209744.0,39.9490986,116.3384214,-0.5710171,9.13388,3.663727,0.16644745,-0.1824264,-0.06617951,6084
1697515209751.0,39.9490968,116.3383827,-0.4782418,9.048885,3.6876693,0.21265325,-0.25459802,-0.013848428,6085
1697515209751.0,39.9490919,116.3383457,-0.4782418,9.048885,3.6876693,0.21265325,-0.25459802,-0.013848428,6085
1697515209758.0,39.9490866,116.3383143,-0.4782418,9.048885,3.6876693,0.21265325,-0.25459802,-0.013848428,6085
1697515209763.0,39.9490834,116.3382883,-0.4782418,9.048885,3.6876693,0.21265325,-0.25459802,-0.013848428,6085
1697515209763.0,39.9490781,116.3382669,-0.4782418,9.048885,3.6876693,0.21265325,-0.25459802,-0.013848428,6085
1697515209765.0,39.9490736,116.3382472,-0.4782418,9.048885,3.6876693,0.21265325,-0.25459802,-0.013848428,6085
1697515209769.0,39.9490671,116.3382267,-0.4782418,9.048885,3.6876693,0.21265325,-0.25459802,-0.013848428,6085
1697515209773.0,39.9490606,116.3382045,-0.21068975,9.062054,3.235165,0.21797957,-0.31571752,0.021438431,6086
1697515209775.0,39.9490551,116.3381818,-0.21068975,9.062054,3.235165,0.21797957,-0.31571752,0.021438431,6086
1697515209775.0,39.9490482,116.3381564,-0.21068975,9.062054,3.235165,0.21797957,-0.31571752,0.021438431,6086
1697515209780.0,39.9490395,116.3381265,-0.21068975,9.062054,3.235165,0.21797957,-0.31571752,0.021438431,6086
1697515209782.0,39.949032,116.3380952,-0.21068975,9.062054,3.235165,0.21797957,-0.31571752,0.021438431,6086
1697515209785.0,39.9490251,116.3380665,-0.21068975,9.062054,3.235165,0.21797957,-0.31571752,0.021438431,6086
1697515209789.0,39.9490121,116.3380146,-0.02813187,9.20391,2.9640217,0.18469009,-0.27750117,0.051665287,6087
1697515209791.0,39.9490022,116.3379881,-0.02813187,9.20391,2.9640217,0.18469009,-0.27750117,0.051665287,6087
1697515209793.0,39.9489872,116.3379641,-0.02813187,9.20391,2.9640217,0.18469009,-0.27750117,0.051665287,6087
1697515209793.0,39.9489671,116.3379475,-0.02813187,9.20391,2.9640217,0.18469009,-0.27750117,0.051665287,6087
1697515209794.0,39.9489444,116.3379431,-0.02813187,9.20391,2.9640217,0.18469009,-0.27750117,0.051665287,6087
1697515209796.0,39.9489199,116.3379494,-0.02813187,9.20391,2.9640217,0.18469009,-0.27750117,0.051665287,6087
1697515209798.0,39.9488939,116.337953,-0.02813187,9.20391,2.9640217,0.18469009,-0.27750117,0.051665287,6087
1697515209798.0,39.9488676,116.3379538,-0.02813187,9.20391,2.9640217,0.18469009,-0.27750117,0.051665287,6087
1697515209798.0,39.9488423,116.337951,-0.02813187,9.20391,2.9640217,0.18469009,-0.27750117,0.051665287,6087
1697515209801.0,39.9488156,116.3379535,-0.02813187,9.20391,2.9640217,0.18469009,-0.27750117,0.051665287,6087
1697515209803.0,39.9487854,116.3379628,-0.02813187,9.20391,2.9640217,0.18469009,-0.27750117,0.051665287,6087
1697515209803.0,39.9487508,116.3379698,-0.02813187,9.20391,2.9640217,0.18469009,-0.27750117,0.051665287,6087
1697515209805.0,39.9487119,116.3379742,-0.02813187,9.20391,2.9640217,0.18469009,-0.27750117,0.051665287,6087
1697515209805.0,39.948672,116.3379663,-0.02813187,9.20391,2.9640217,0.18469009,-0.27750117,0.051665287,6087
1697515209810.0,39.9486348,116.3379511,0.08738836,9.355343,2.867655,0.14021532,-0.2637859,0.061385818,6088
1697515209816.0,39.9486014,116.3379321,0.08738836,9.355343,2.867655,0.14021532,-0.2637859,0.061385818,6088
1697515209816.0,39.9485732,116.337904,0.08738836,9.355343,2.867655,0.14021532,-0.2637859,0.061385818,6088
1697515209819.0,39.9485455,116.3378761,0.08738836,9.355343,2.867655,0.14021532,-0.2637859,0.061385818,6088
1697515210691.0,39.9485209,116.3378498,0.073621705,9.543288,3.7247794,-0.2938796,0.1532648,0.07350319,6131
1697515211691.0,39.9484995,116.3378226,-0.30346507,9.687539,3.5631707,0.015845796,-0.03715107,0.13915007,6181
1697515212697.0,39.9484762,116.3378015,0.39743748,9.476849,3.342904,0.08934899,0.35779542,-0.117312156,6232
1697515245716.0,39.9484506,116.3377915,0.80205756,9.734824,2.6850972,-0.10319742,-0.06617951,-0.03315633,7881
1697515245788.0,39.9484284,116.3377846,0.5614403,9.561843,3.0292637,-0.018109482,-0.13062796,0.00013315796,7885
1697515245792.0,39.9484094,116.3377799,0.5614403,9.561843,3.0292637,-0.018109482,-0.13062796,0.00013315796,7885
1697515245792.0,39.9483936,116.3377718,0.5614403,9.561843,3.0292637,-0.018109482,-0.13062796,0.00013315796,7885
1697515245792.0,39.9483817,116.3377612,0.5614403,9.561843,3.0292637,-0.018109482,-0.13062796,0.00013315796,7885
1697515245792.0,39.9483726,116.337745,0.5614403,9.561843,3.0292637,-0.018109482,-0.13062796,0.00013315796,7885
1697515245792.0,39.9483689,116.337724,0.5614403,9.561843,3.0292637,-0.018109482,-0.13062796,0.00013315796,7885
1697515245796.0,39.948363,116.3377024,0.5614403,9.561843,3.0292637,-0.018109482,-0.13062796,0.00013315796,7885
1697515245799.0,39.9483556,116.3376748,0.59615624,9.450513,3.0418332,0.018775271,-0.16391744,0.009054741,7886
1697515245801.0,39.9483497,116.3376393,0.59615624,9.450513,3.0418332,0.018775271,-0.16391744,0.009054741,7886
1697515245803.0,39.9483479,116.3375963,0.59615624,9.450513,3.0418332,0.018775271,-0.16391744,0.009054741,7886
1697515245805.0,39.9483471,116.3375501,0.59615624,9.450513,3.0418332,0.018775271,-0.16391744,0.009054741,7886
1697515245809.0,39.9483389,116.3375009,0.59615624,9.450513,3.0418332,0.018775271,-0.16391744,0.009054741,7886
1697515245810.0,39.9483239,116.3374503,0.59615624,9.450513,3.0418332,0.018775271,-0.16391744,0.009054741,7886
1697515245812.0,39.9483094,116.3374006,0.59615624,9.450513,3.0418332,0.018775271,-0.16391744,0.009054741,7886
1697515245814.0,39.9482992,116.3373511,0.59615624,9.450513,3.0418332,0.018775271,-0.16391744,0.009054741,7886
1697515245816.0,39.9482918,116.3373088,0.59615624,9.450513,3.0418332,0.018775271,-0.16391744,0.009054741,7886
1697515245818.0,39.9482899,116.337278,0.65660983,9.41041,2.9179332,0.056858446,-0.19241324,0.014514217,7887
1697515245820.0,39.9482932,116.3372497,0.65660983,9.41041,2.9179332,0.056858446,-0.19241324,0.014514217,7887
1697515245822.0,39.9482962,116.3372224,0.65660983,9.41041,2.9179332,0.056858446,-0.19241324,0.014514217,7887
1697515245822.0,39.9482937,116.3371984,0.65660983,9.41041,2.9179332,0.056858446,-0.19241324,0.014514217,7887
1697515245825.0,39.948289,116.3371777,0.65660983,9.41041,2.9179332,0.056858446,-0.19241324,0.014514217,7887
1697515245830.0,39.9482832,116.3371606,0.65660983,9.41041,2.9179332,0.056858446,-0.19241324,0.014514217,7887
1697515245830.0,39.9482776,116.3371367,0.65660983,9.41041,2.9179332,0.056858446,-0.19241324,0.014514217,7887
1697515245830.0,39.9482707,116.3371094,0.65660983,9.41041,2.9179332,0.056858446,-0.19241324,0.014514217,7887
1697515245833.0,39.9482713,116.3370722,0.65660983,9.41041,2.9179332,0.056858446,-0.19241324,0.014514217,7887
1697515245833.0,39.9482707,116.3370413,0.65660983,9.41041,2.9179332,0.056858446,-0.19241324,0.014514217,7887
1697515245835.0,39.9482724,116.3370104,0.65660983,9.41041,2.9179332,0.056858446,-0.19241324,0.014514217,7887
1697515245838.0,39.9482748,116.3369783,0.76554596,9.416994,2.5252843,0.05339634,-0.22703432,0.02929475,7888
1697515245842.0,39.9482772,116.3369489,0.76554596,9.416994,2.5252843,0.05339634,-0.22703432,0.02929475,7888
1697515245847.0,39.9482686,116.3369288,0.76554596,9.416994,2.5252843,0.05339634,-0.22703432,0.02929475,7888
1697515245853.0,39.94826,116.3369037,0.76554596,9.416994,2.5252843,0.05339634,-0.22703432,0.02929475,7888
1697515245868.0,39.9482517,116.3368731,0.96067345,9.341577,2.2110453,-0.0126500055,-0.23089589,0.03195791,7889
1697515246694.0,39.9482473,116.3368335,0.88166475,9.524135,2.7012582,-0.20706062,0.2210422,0.2134522,7930
1697515247705.0,39.9482424,116.3367914,1.3652935,9.494805,2.190096,-0.09028109,0.09653952,-0.14540848,7981
1697515248702.0,39.9482342,116.3367458,0.8403648,9.174581,3.5511997,0.13821796,0.05419529,0.115048476,8031
1697515282768.0,39.9482154,116.3366478,-1.2689269,9.515156,4.219182,0.47603968,-0.1330248,0.021438431,9732
1697515282771.0,39.9482022,116.3365954,-0.54288524,9.812037,3.0867245,0.5069323,-0.40706387,0.08255793,9733
1697515282771.0,39.9481909,116.3365398,-0.54288524,9.812037,3.0867245,0.5069323,-0.40706387,0.08255793,9733
1697515282799.0,39.9481802,116.3364834,0.5422867,10.479421,1.5424645,0.41478702,-0.4944155,0.1038632,9734
1697515282807.0,39.9481685,116.3364235,0.5422867,10.479421,1.5424645,0.41478702,-0.4944155,0.1038632,9734
1697515282807.0,39.9481584,116.3363596,0.5422867,10.479421,1.5424645,0.41478702,-0.4944155,0.1038632,9734
1697515282814.0,39.9481436,116.3362351,0.5422867,10.479421,1.5424645,0.23808642,-0.39188385,0.097871095,9735
1697515282818.0,39.9481354,116.3361802,0.5422867,10.479421,1.5424645,0.23808642,-0.39188385,0.097871095,9735
1697515282826.0,39.9481204,116.3361232,0.5422867,10.479421,1.5424645,0.23808642,-0.39188385,0.097871095,9735
1697515282831.0,39.9481111,116.3360602,0.5422867,10.479421,1.5424645,0.23808642,-0.39188385,0.097871095,9735
1697515282839.0,39.9480984,116.3359978,2.3786395,12.310986,-0.60573304,-0.071106344,-0.14607428,0.076965295,9736
1697515282848.0,39.9480858,116.3359427,2.3786395,12.310986,-0.60573304,-0.071106344,-0.14607428,0.076965295,9736
1697515282848.0,39.9480733,116.33588,2.3786395,12.310986,-0.60573304,-0.071106344,-0.14607428,0.076965295,9736
1697515282860.0,39.9480738,116.3357293,2.6928782,12.89517,-0.84934306,-0.49321705,0.1893506,0.044075284,9737
1697515282865.0,39.9480674,116.3356619,2.6928782,12.89517,-0.84934306,-0.49321705,0.1893506,0.044075284,9737
1697515282867.0,39.9480603,116.3355977,2.6928782,12.89517,-0.84934306,-0.49321705,0.1893506,0.044075284,9737
1697515282874.0,39.948053,116.3355352,2.6928782,12.89517,-0.84934306,-0.49321705,0.1893506,0.044075284,9737
1697515282927.0,39.948042,116.3354916,0.35793316,9.597756,4.9021277,-1.2479564,0.013848428,-0.16391744,9740
1697515282927.0,39.9480261,116.3354582,0.35793316,9.597756,4.9021277,-1.2479564,0.013848428,-0.16391744,9740
1697515282933.0,39.9480223,116.3354178,0.40701428,8.108562,6.213552,-0.80267614,-0.38282913,-0.24567643,9741
1697515282936.0,39.9480279,116.3353749,0.40701428,8.108562,6.213552,-0.80267614,-0.38282913,-0.24567643,9741
1697515282936.0,39.9480496,116.3353223,0.40701428,8.108562,6.213552,-0.80267614,-0.38282913,-0.24567643,9741
1697515282936.0,39.9480763,116.3352722,0.40701428,8.108562,6.213552,-0.80267614,-0.38282913,-0.24567643,9741
1697515282936.0,39.9480973,116.335224,0.40701428,8.108562,6.213552,-0.80267614,-0.38282913,-0.24567643,9741
1697515282936.0,39.9481045,116.3351713,0.40701428,8.108562,6.213552,-0.80267614,-0.38282913,-0.24567643,9741
1697515282936.0,39.9480969,116.3351166,0.40701428,8.108562,6.213552,-0.80267614,-0.38282913,-0.24567643,9741
1697515282936.0,39.9480807,116.3350574,0.40701428,8.108562,6.213552,-0.80267614,-0.38282913,-0.24567643,9741
1697515283013.0,39.9480358,116.3349524,-1.4024036,8.034941,1.79206,0.68616295,0.6245108,-0.12703268,9745
1697515283024.0,39.9480135,116.3349046,-1.4024036,8.034941,1.79206,0.68616295,0.6245108,-0.12703268,9745
1697515283037.0,39.9479955,116.334856,-1.4903905,7.8158712,1.6938977,0.33076435,0.25912538,0.03715107,9746
1697515283709.0,39.9479789,116.3348091,1.5286977,12.474389,1.2946646,-0.40892807,0.08295741,-0.041412123,9779
1697515284703.0,39.947965,116.3347724,0.29328972,8.887277,2.8981812,0.06724477,-0.10253163,-0.034221593,9829
1697515285739.0,39.9479447,116.3347058,0.9804256,9.227253,1.7812861,0.15020217,-0.037950017,0.100001626,9881
1697515286695.0,39.9479266,116.334644,0.18076223,8.963891,3.4769795,-0.122105844,-0.12436953,-0.015046849,9929
1697515287701.0,39.9479081,116.3345833,0.48243165,9.325416,2.8287494,-0.18602167,-0.12450269,-0.04820318,9978
1697515288702.0,39.9478927,116.3345223,0.80086046,9.151836,2.8712463,-0.1548627,-0.047936864,-0.0041278964,10029
1697515289699.0,39.9478822,116.3344628,0.82240826,8.986636,3.2375593,0.072571084,-0.06285056,-0.045273706,10078
1697515290755.0,39.9478761,116.3344048,1.2497733,8.990826,2.6557682,-0.13369058,-0.0022636852,-0.034887385,10131
1697515291708.0,39.947872,116.3343475,0.93972415,9.512163,2.0099323,-0.103730045,0.020905798,0.069242135,10179
1697515292693.0,39.9478627,116.3342909,0.22924481,8.286332,4.0066967,0.07150582,0.29854015,-0.13036163,10228
1697515293695.0,39.9478519,116.3342406,1.0271125,10.6117,1.3533225,-0.3296991,0.0627174,-0.079495296,10278
1697515329883.0,39.9478326,116.3341493,0.15382746,8.274361,3.8660371,-0.11038794,0.092012145,-0.06245108,12086
1697515329886.0,39.947819,116.3341063,0.15382746,8.274361,3.8660371,-0.11038794,0.092012145,-0.06245108,12086
1697515329893.0,39.9478147,116.3340655,0.219668,8.104373,3.6152446,0.1514006,0.042876862,-0.06391582,12087
1697515329895.0,39.947812,116.334027,0.219668,8.104373,3.6152446,0.1514006,0.042876862,-0.06391582,12087
1697515329895.0,39.9478041,116.3339846,0.219668,8.104373,3.6152446,0.1514006,0.042876862,-0.06391582,12087
1697515329905.0,39.9478019,116.3339402,0.219668,8.104373,3.6152446,0.1514006,0.042876862,-0.06391582,12087
1697515329922.0,39.9478126,116.3339008,0.6584055,8.248025,2.6497827,0.30732855,0.055660024,-0.06751108,12088
1697515329922.0,39.9478334,116.3338653,0.6584055,8.248025,2.6497827,0.30732855,0.055660024,-0.06751108,12088
1697515329931.0,39.9478606,116.3338397,0.6584055,8.248025,2.6497827,0.30732855,0.055660024,-0.06751108,12088
1697515329934.0,39.9478943,116.333825,0.9379285,8.4904375,2.1452048,0.2334259,0.014780533,-0.114649,12089
1697515329941.0,39.9479275,116.3338122,0.9379285,8.4904375,2.1452048,0.2334259,0.014780533,-0.114649,12089
1697515329944.0,39.9479668,116.333797,0.9379285,8.4904375,2.1452048,0.2334259,0.014780533,-0.114649,12089
1697515329951.0,39.9480075,116.3337778,1.0319009,9.229648,1.4814123,0.03315633,0.056325816,-0.17883113,12090
1697515329951.0,39.948048,116.3337632,1.0319009,9.229648,1.4814123,0.03315633,0.056325816,-0.17883113,12090
1697515329951.0,39.9480856,116.3337463,1.0319009,9.229648,1.4814123,0.03315633,0.056325816,-0.17883113,12090
1697515329951.0,39.9481221,116.3337318,1.0319009,9.229648,1.4814123,0.03315633,0.056325816,-0.17883113,12090
1697515329951.0,39.9481593,116.3337254,1.0319009,9.229648,1.4814123,0.03315633,0.056325816,-0.17883113,12090
1697515329951.0,39.9481982,116.3337237,1.0319009,9.229648,1.4814123,0.03315633,0.056325816,-0.17883113,12090
1697515329955.0,39.9482396,116.3337177,1.0319009,9.229648,1.4814123,0.03315633,0.056325816,-0.17883113,12090
1697515329955.0,39.9482849,116.3337025,1.0319009,9.229648,1.4814123,0.03315633,0.056325816,-0.17883113,12090
1697515329955.0,39.948331,116.3336876,1.0319009,9.229648,1.4814123,0.03315633,0.056325816,-0.17883113,12090
1697515329961.0,39.9483741,116.3336757,1.0319009,9.229648,1.4814123,0.03315633,0.056325816,-0.17883113,12090
1697515329961.0,39.9484152,116.3336666,1.0319009,9.229648,1.4814123,0.03315633,0.056325816,-0.17883113,12090
1697515329961.0,39.9484542,116.333652,1.0319009,9.229648,1.4814123,0.03315633,0.056325816,-0.17883113,12090
1697515329961.0,39.9484913,116.3336369,1.0319009,9.229648,1.4814123,0.03315633,0.056325816,-0.17883113,12090
1697515329962.0,39.9485305,116.3336205,1.0319009,9.229648,1.4814123,0.03315633,0.056325816,-0.17883113,12090
1697515329963.0,39.9485732,116.3336032,1.0319009,9.229648,1.4814123,0.03315633,0.056325816,-0.17883113,12090
1697515329964.0,39.9486174,116.3335864,1.0319009,9.229648,1.4814123,0.03315633,0.056325816,-0.17883113,12090
1697515329976.0,39.9486694,116.3335752,0.24061728,9.42238,2.2523453,-0.16484955,0.16325165,-0.15459639,12091
1697515329976.0,39.9487203,116.3335637,0.24061728,9.42238,2.2523453,-0.16484955,0.16325165,-0.15459639,12091
1697515329997.0,39.9487705,116.3335509,-0.010773907,9.467272,2.8395233,-0.27310696,0.07270424,-0.090147935,12092
1697515330006.0,39.9488208,116.333536,-0.010773907,9.467272,2.8395233,-0.27310696,0.07270424,-0.090147935,12092
1697515330016.0,39.9488726,116.3335218,0.3393781,9.580399,3.4446578,-0.23262694,-0.18828535,-0.07736477,12093
1697515330024.0,39.9489236,116.3335038,0.3393781,9.580399,3.4446578,-0.23262694,-0.18828535,-0.07736477,12093
1697515330038.0,39.9489706,116.3334898,0.6087258,10.006566,2.8089972,-0.11651321,-0.18828535,-0.084954776,12094
1697515330714.0,39.949013,116.3334827,0.43275195,9.200917,2.4881742,-0.2619217,-0.18455693,0.046338968,12128
1697515332761.0,39.9490986,116.3334589,0.6374562,8.805874,2.8000188,-0.011984216,-0.24993747,-0.058190025,12230
1697515333687.0,39.9491435,116.3334495,0.24361002,9.93474,4.38917,-0.48469496,0.3600591,0.07603319,12276
1697515334708.0,39.9491816,116.3334449,1.6555905,7.863157,1.7818847,0.41212386,-0.15566164,0.09254478,12327
1697515335683.0,39.9492257,116.333428,0.64583594,9.412804,3.6391866,-0.040480018,0.09733847,-0.12410321,12376
1697515337730.0,39.9493196,116.3333877,1.1976994,9.533113,2.475006,-0.25379905,0.07017424,-0.034754228,12478
1697515339689.0,39.9494022,116.3333545,-0.50876784,9.91439,4.549582,-0.19108167,0.18322535,0.04500739,12576
1697515340695.0,39.9494372,116.3333459,0.9044097,9.030929,3.0424318,0.20160115,-0.29134962,-0.06964161,12626
1697515373863.0,39.9495068,116.3333241,0.5327099,8.980052,3.5296519,0.08002793,-0.28935224,-0.20732693,14283
1697515373876.0,39.9495368,116.3333254,0.5482722,9.217676,3.0759506,0.018775271,-0.28469172,-0.18162745,14284
1697515373876.0,39.9495569,116.3333256,0.5482722,9.217676,3.0759506,0.018775271,-0.28469172,-0.18162745,14284
1697515373882.0,39.949568,116.3333257,0.5482722,9.217676,3.0759506,0.018775271,-0.28469172,-0.18162745,14284
1697515373887.0,39.949572,116.3333252,0.5482722,9.217676,3.0759506,0.018775271,-0.28469172,-0.18162745,14284
1697515373889.0,39.9495714,116.3333237,0.60094464,9.35235,2.9179332,-0.08162583,-0.23129536,-0.13395691,14285
1697515373892.0,39.9495724,116.3333229,0.60094464,9.35235,2.9179332,-0.08162583,-0.23129536,-0.13395691,14285
1697515373894.0,39.9495742,116.3333226,0.60094464,9.35235,2.9179332,-0.08162583,-0.23129536,-0.13395691,14285
1697515373897.0,39.9495769,116.3333224,0.60094464,9.35235,2.9179332,-0.08162583,-0.23129536,-0.13395691,14285
1697515373900.0,39.9495798,116.3333235,0.60094464,9.35235,2.9179332,-0.08162583,-0.23129536,-0.13395691,14285
1697515373902.0,39.949584,116.3333264,0.60094464,9.35235,2.9179332,-0.08162583,-0.23129536,-0.13395691,14285
1697515373904.0,39.9495886,116.3333299,0.60094464,9.35235,2.9179332,-0.08162583,-0.23129536,-0.13395691,14285
1697515373905.0,39.9495929,116.3333344,0.60094464,9.35235,2.9179332,-0.08162583,-0.23129536,-0.13395691,14285
1697515373913.0,39.9495981,116.3333392,0.66020113,9.243414,3.2052376,-0.16072164,-0.17057534,-0.108923204,14286
1697515373913.0,39.9496175,116.3333531,0.66020113,9.243414,3.2052376,-0.16072164,-0.17057534,-0.108923204,14286
1697515373914.0,39.9496271,116.3333674,0.66020113,9.243414,3.2052376,-0.16072164,-0.17057534,-0.108923204,14286
1697515373914.0,39.9496338,116.3333873,0.66020113,9.243414,3.2052376,-0.16072164,-0.17057534,-0.108923204,14286
1697515373917.0,39.9496415,116.3334164,0.66020113,9.243414,3.2052376,-0.16072164,-0.17057534,-0.108923204,14286
1697515373925.0,39.949649,116.3334521,0.66020113,9.243414,3.2052376,-0.16072164,-0.17057534,-0.108923204,14286
1697515373925.0,39.9496529,116.3334914,0.66020113,9.243414,3.2052376,-0.16072164,-0.17057534,-0.108923204,14286
1697515373928.0,39.9496562,116.3335365,0.60453594,9.150639,3.445855,-0.16698007,-0.13915007,-0.1130511,14287
1697515373935.0,39.949663,116.3335856,0.60453594,9.150639,3.445855,-0.16698007,-0.13915007,-0.1130511,14287
1697515373935.0,39.9496722,116.3336272,0.60453594,9.150639,3.445855,-0.16698007,-0.13915007,-0.1130511,14287
1697515373935.0,39.9496793,116.3336586,0.60453594,9.150639,3.445855,-0.16698007,-0.13915007,-0.1130511,14287
1697515373935.0,39.9496831,116.3336832,0.60453594,9.150639,3.445855,-0.16698007,-0.13915007,-0.1130511,14287
1697515373935.0,39.9496916,116.3337067,0.60453594,9.150639,3.445855,-0.16698007,-0.13915007,-0.1130511,14287
1697515373935.0,39.9497039,116.3337326,0.60453594,9.150639,3.445855,-0.16698007,-0.13915007,-0.1130511,14287
1697515373937.0,39.9497186,116.333764,0.60453594,9.150639,3.445855,-0.16698007,-0.13915007,-0.1130511,14287
1697515373942.0,39.9497292,116.3337989,0.60453594,9.150639,3.445855,-0.16698007,-0.13915007,-0.1130511,14287
1697515373956.0,39.9497571,116.3339019,0.43634325,9.089587,3.7912183,-0.105860576,-0.14221269,-0.104795314,14288
1697515374694.0,39.9497648,116.3339334,0.9720459,9.120112,4.520851,-0.105194785,0.39707702,0.11757848,14325
1697515376697.0,39.9497675,116.3339806,-0.20231004,9.258378,5.2462945,-0.37603807,0.660064,0.20439745,14424
1697515412724.0,39.9497672,116.3339997,-0.4878186,8.665215,5.016451,0.20160115,-0.22224063,0.039281595,16224
1697515412766.0,39.949769,116.3340166,0.09816227,8.480263,3.318962,0.05925529,-0.18868482,0.1792306,16227
1697515412773.0,39.9497747,116.3340345,0.09816227,8.480263,3.318962,0.05925529,-0.18868482,0.1792306,16227
1697515412795.0,39.9497968,116.3341387,0.2657564,8.441956,3.5913026,-0.006258424,-0.28296065,0.17204008,16228
1697515412795.0,39.9498008,116.334146,0.2657564,8.441956,3.5913026,-0.006258424,-0.28296065,0.17204008,16228
1697515412795.0,39.949803,116.334156,0.2657564,8.441956,3.5913026,-0.006258424,-0.28296065,0.17204008,16228
1697515412795.0,39.9498057,116.3341678,0.2657564,8.441956,3.5913026,-0.006258424,-0.28296065,0.17204008,16228
1697515412795.0,39.9498099,116.3341834,0.2657564,8.441956,3.5913026,-0.006258424,-0.28296065,0.17204008,16228
1697515412795.0,39.9498244,116.3341999,0.2657564,8.441956,3.5913026,-0.006258424,-0.28296065,0.17204008,16228
1697515412796.0,39.9498465,116.3342095,0.2657564,8.441956,3.5913026,-0.006258424,-0.28296065,0.17204008,16228
1697515412796.0,39.9498732,116.3342192,0.2657564,8.441956,3.5913026,-0.006258424,-0.28296065,0.17204008,16228
1697515412796.0,39.9498989,116.334227,0.2657564,8.441956,3.5913026,-0.006258424,-0.28296065,0.17204008,16228
1697515412799.0,39.9499254,116.3342253,0.2657564,8.441956,3.5913026,-0.006258424,-0.28296065,0.17204008,16228
1697515412799.0,39.9499585,116.3342198,0.2657564,8.441956,3.5913026,-0.006258424,-0.28296065,0.17204008,16228
1697515412800.0,39.9499964,116.3342119,0.2657564,8.441956,3.5913026,-0.006258424,-0.28296065,0.17204008,16228
1697515412801.0,39.9500373,116.3342024,0.2657564,8.441956,3.5913026,-0.006258424,-0.28296065,0.17204008,16228
1697515412801.0,39.9500734,116.3341875,0.2657564,8.441956,3.5913026,-0.006258424,-0.28296065,0.17204008,16228
1697515412801.0,39.9501056,116.3341695,0.2657564,8.441956,3.5913026,-0.006258424,-0.28296065,0.17204008,16228
1697515412806.0,39.9501395,116.3341533,0.44831428,8.59279,3.6619315,0.016378429,-0.24421169,0.16165376,16229
1697515412806.0,39.9501671,116.3341366,0.44831428,8.59279,3.6619315,0.016378429,-0.24421169,0.16165376,16229
1697515412806.0,39.9501913,116.334122,0.44831428,8.59279,3.6619315,0.016378429,-0.24421169,0.16165376,16229
1697515412808.0,39.9502114,116.3341179,0.44831428,8.59279,3.6619315,0.016378429,-0.24421169,0.16165376,16229
1697515412812.0,39.9502275,116.3341108,0.44831428,8.59279,3.6619315,0.016378429,-0.24421169,0.16165376,16229
1697515412812.0,39.9502469,116.3341064,0.44831428,8.59279,3.6619315,0.016378429,-0.24421169,0.16165376,16229
1697515412812.0,39.9502706,116.334093,0.44831428,8.59279,3.6619315,0.016378429,-0.24421169,0.16165376,16229
1697515412814.0,39.950309,116.3340789,0.44831428,8.59279,3.6619315,0.016378429,-0.24421169,0.16165376,16229
1697515412817.0,39.9503472,116.3340714,0.44831428,8.59279,3.6619315,0.016378429,-0.24421169,0.16165376,16229
1697515413705.0,39.9505414,116.3339928,0.58298814,8.392276,3.7984009,0.074701615,-0.16245271,-0.049135286,16274
1697515415696.0,39.9506035,116.3339751,1.0187328,9.329605,4.583101,-0.047137916,-0.06964161,-0.34221596,16373
1697515451761.0,39.9506918,116.3340296,0.49440265,9.715671,2.6868927,-0.09640636,0.06617951,-0.10865689,18175
1697515451761.0,39.9507207,116.3340758,0.49440265,9.715671,2.6868927,-0.09640636,0.06617951,-0.10865689,18175
1697515451763.0,39.9507415,116.3341329,0.49440265,9.715671,2.6868927,-0.09640636,0.06617951,-0.10865689,18175
1697515451764.0,39.9507516,116.3341967,0.49440265,9.715671,2.6868927,-0.09640636,0.06617951,-0.10865689,18175
1697515451766.0,39.9507574,116.3342585,0.49440265,9.715671,2.6868927,-0.09640636,0.06617951,-0.10865689,18175
1697515451768.0,39.9507657,116.3343172,0.49440265,9.715671,2.6868927,-0.09640636,0.06617951,-0.10865689,18175
1697515451769.0,39.9507792,116.3343685,0.49440265,9.715671,2.6868927,-0.09640636,0.06617951,-0.10865689,18175
1697515451772.0,39.9507939,116.3344156,0.49440265,9.715671,2.6868927,-0.09640636,0.06617951,-0.10865689,18175
1697515451777.0,39.9508037,116.3344604,0.07182605,9.865308,3.0400376,-0.20279956,0.1716406,-0.06831003,18176
1697515451779.0,39.9508124,116.3344986,0.07182605,9.865308,3.0400376,-0.20279956,0.1716406,-0.06831003,18176
1697515451779.0,39.9508184,116.3345347,0.07182605,9.865308,3.0400376,-0.20279956,0.1716406,-0.06831003,18176
1697515451779.0,39.9508232,116.3345717,0.07182605,9.865308,3.0400376,-0.20279956,0.1716406,-0.06831003,18176
1697515451781.0,39.9508306,116.3346095,0.07182605,9.865308,3.0400376,-0.20279956,0.1716406,-0.06831003,18176
1697515451781.0,39.9508353,116.3346482,0.07182605,9.865308,3.0400376,-0.20279956,0.1716406,-0.06831003,18176
1697515451782.0,39.9508403,116.3346871,0.07182605,9.865308,3.0400376,-0.20279956,0.1716406,-0.06831003,18176
1697515451785.0,39.9508468,116.3347275,0.07182605,9.865308,3.0400376,-0.20279956,0.1716406,-0.06831003,18176
1697515451785.0,39.9508525,116.3347694,0.07182605,9.865308,3.0400376,-0.20279956,0.1716406,-0.06831003,18176
1697515451785.0,39.9508595,116.3348111,0.07182605,9.865308,3.0400376,-0.20279956,0.1716406,-0.06831003,18176
1697515451785.0,39.9508645,116.3348515,0.07182605,9.865308,3.0400376,-0.20279956,0.1716406,-0.06831003,18176
1697515451786.0,39.9508682,116.3348897,0.07182605,9.865308,3.0400376,-0.20279956,0.1716406,-0.06831003,18176
1697515451789.0,39.9508751,116.3349243,0.07182605,9.865308,3.0400376,-0.20279956,0.1716406,-0.06831003,18176
1697515451792.0,39.9508872,116.3349574,0.07182605,9.865308,3.0400376,-0.20279956,0.1716406,-0.06831003,18176
1697515451792.0,39.9509026,116.3349962,0.07182605,9.865308,3.0400376,-0.20279956,0.1716406,-0.06831003,18176
1697515451795.0,39.9509171,116.3350426,-0.1604115,9.78989,3.9175124,-0.22237378,0.07084003,-0.055660024,18177
1697515451795.0,39.9509283,116.335097,-0.1604115,9.78989,3.9175124,-0.22237378,0.07084003,-0.055660024,18177
1697515451795.0,39.9509361,116.335155,-0.1604115,9.78989,3.9175124,-0.22237378,0.07084003,-0.055660024,18177
1697515451797.0,39.9509418,116.3352197,-0.1604115,9.78989,3.9175124,-0.22237378,0.07084003,-0.055660024,18177
1697515451798.0,39.9509496,116.3352834,-0.1604115,9.78989,3.9175124,-0.22237378,0.07084003,-0.055660024,18177
1697515451800.0,39.9509604,116.3353431,-0.1604115,9.78989,3.9175124,-0.22237378,0.07084003,-0.055660024,18177
1697515451801.0,39.9509687,116.3354046,-0.1604115,9.78989,3.9175124,-0.22237378,0.07084003,-0.055660024,18177
1697515451811.0,39.9509785,116.3354638,-0.1604115,9.78989,3.9175124,-0.22237378,0.07084003,-0.055660024,18177
1697515451815.0,39.9509845,116.3355226,-0.14604631,9.8042555,4.392163,-0.15433007,-0.024501063,-0.03968107,18178
1697515451819.0,39.9509921,116.3355837,-0.14604631,9.8042555,4.392163,-0.15433007,-0.024501063,-0.03968107,18178
1697515451823.0,39.9510006,116.335638,-0.14604631,9.8042555,4.392163,-0.15433007,-0.024501063,-0.03968107,18178
1697515451866.0,39.9510128,116.3356905,0.108337626,9.765948,3.9989154,-0.06764424,0.25792697,0.040746335,18180
1697515452707.0,39.9510215,116.3357133,0.7350199,7.4603324,3.5583823,0.66499084,-0.22650169,-0.083090566,18222
1697515453692.0,39.9510376,116.335772,0.2777274,9.074623,4.3329067,0.16258587,-0.38562545,-0.044075284,18271
1697515454699.0,39.9510409,116.3358313,1.489792,8.887277,3.0268695,-0.28242803,0.14514217,0.1842906,18321
1697515456697.0,39.9510418,116.3359199,0.5434838,8.350976,4.935048,0.15259902,0.09906952,0.08602004,18421
1697515457707.0,39.9510486,116.3359759,1.0989386,9.35235,4.693234,-0.03728423,-0.14860427,-0.17204008,18472
1697515458710.0,39.9510536,116.336024,0.58777654,8.762778,4.8482585,-0.15939008,-0.0077231615,0.017843166,18522
1697515459703.0,39.9510544,116.3360687,1.0815806,8.100781,3.6337996,0.2587259,-0.070307404,0.08668583,18572
1697515460691.0,39.9510564,116.3361064,0.9696517,9.206305,4.654927,-0.13861743,0.09174583,-0.10026794,18621
1697515461716.0,39.9510593,116.3361377,1.2533646,8.92738,4.381389,-0.03302317,0.07163898,-0.015845796,18672
1697515463699.0,39.9510697,116.3361893,0.8655039,8.734048,4.748899,0.19467694,-0.026631592,0.055526868,18771
1697515464700.0,39.9510779,116.3362096,0.8230068,9.023148,4.386776,0.13195953,-0.070307404,-0.27723485,18821
1697515465717.0,39.9510858,116.3362291,1.0809821,8.165425,4.712986,-0.19867167,-0.09760478,-0.2929475,18872
1697515467701.0,39.9510976,116.3362602,-0.28311434,8.48984,4.4316673,0.042876862,0.054328445,0.3214433,18971
1697515468709.0,39.9511037,116.336278,0.9995792,8.980052,3.8492777,0.2986733,-0.19853851,-0.24541011,19022
1697515469693.0,39.9511117,116.3363035,0.7326257,9.074024,4.161721,0.0,0.04367581,0.09068057,19071
1697515470708.0,39.9511189,116.3363302,0.95947635,9.197925,3.4638114,0.04607265,-0.13582112,-0.100800574,19121
1697515506711.0,39.9511277,116.3363597,-0.004189853,8.781333,4.8895583,0.069508456,0.109588996,0.134889,20920
1697515506775.0,39.9511371,116.336392,0.021547815,8.404246,4.285621,0.0820253,0.20226693,0.19028272,20923
1697515506775.0,39.9511499,116.3364268,0.021547815,8.404246,4.285621,0.0820253,0.20226693,0.19028272,20923
1697515506782.0,39.9511572,116.3364659,0.021547815,8.404246,4.285621,0.0820253,0.20226693,0.19028272,20923
1697515506783.0,39.9511564,116.336503,0.021547815,8.404246,4.285621,0.0820253,0.20226693,0.19028272,20923
1697515506783.0,39.951152,116.3365375,0.021547815,8.404246,4.285621,0.0820253,0.20226693,0.19028272,20923
1697515506783.0,39.9511452,116.336573,0.021547815,8.404246,4.285621,0.0820253,0.20226693,0.19028272,20923
1697515506783.0,39.9511413,116.336602,0.021547815,8.404246,4.285621,0.0820253,0.20226693,0.19028272,20923
1697515506786.0,39.9511434,116.3366271,0.12270284,8.425795,4.06296,0.011185268,0.18841851,0.22050957,20924
1697515506786.0,39.9511496,116.3366499,0.12270284,8.425795,4.06296,0.011185268,0.18841851,0.22050957,20924
1697515506791.0,39.9511598,116.3366751,0.12270284,8.425795,4.06296,0.011185268,0.18841851,0.22050957,20924
1697515506791.0,39.9511684,116.3367041,0.12270284,8.425795,4.06296,0.011185268,0.18841851,0.22050957,20924
1697515506791.0,39.9511722,116.3367327,0.12270284,8.425795,4.06296,0.011185268,0.18841851,0.22050957,20924
1697515506791.0,39.9511732,116.336754,0.12270284,8.425795,4.06296,0.011185268,0.18841851,0.22050957,20924
1697515506805.0,39.9511857,116.3368264,0.35913026,8.397064,3.9091327,-0.097471625,0.2283659,0.2327601,20925
1697515506806.0,39.951189,116.336842,0.35913026,8.397064,3.9091327,-0.097471625,0.2283659,0.2327601,20925
1697515506808.0,39.9511924,116.3368557,0.35913026,8.397064,3.9091327,-0.097471625,0.2283659,0.2327601,20925
1697515506809.0,39.9511974,116.3368676,0.35913026,8.397064,3.9091327,-0.097471625,0.2283659,0.2327601,20925
1697515506811.0,39.9512049,116.336885,0.35913026,8.397064,3.9091327,-0.097471625,0.2283659,0.2327601,20925
1697515506824.0,39.9512116,116.3369049,0.35913026,8.397064,3.9091327,-0.097471625,0.2283659,0.2327601,20925
1697515506824.0,39.9512204,116.3369268,0.35913026,8.397064,3.9091327,-0.097471625,0.2283659,0.2327601,20925
1697515506825.0,39.9512246,116.3369522,0.43873745,8.367735,4.295198,-0.14247902,0.2182459,0.23755379,20926
1697515506825.0,39.9512248,116.3369747,0.43873745,8.367735,4.295198,-0.14247902,0.2182459,0.23755379,20926
1697515506825.0,39.9512238,116.3370023,0.43873745,8.367735,4.295198,-0.14247902,0.2182459,0.23755379,20926
1697515506825.0,39.9512243,116.3370357,0.43873745,8.367735,4.295198,-0.14247902,0.2182459,0.23755379,20926
1697515506826.0,39.9512266,116.3370713,0.43873745,8.367735,4.295198,-0.14247902,0.2182459,0.23755379,20926
1697515506829.0,39.9512309,116.3371103,0.43873745,8.367735,4.295198,-0.14247902,0.2182459,0.23755379,20926
1697515506830.0,39.9512354,116.3371397,0.43873745,8.367735,4.295198,-0.14247902,0.2182459,0.23755379,20926
1697515506832.0,39.9512409,116.3371655,0.43873745,8.367735,4.295198,-0.14247902,0.2182459,0.23755379,20926
1697515506837.0,39.9512502,116.3371866,0.43873745,8.367735,4.295198,-0.14247902,0.2182459,0.23755379,20926
1697515506840.0,39.9512598,116.337216,0.43873745,8.367735,4.295198,-0.14247902,0.2182459,0.23755379,20926
1697515506844.0,39.9512639,116.3372498,0.5255273,8.377911,4.546589,-0.14274533,0.21891168,0.23489064,20927
1697515506849.0,39.9512642,116.3372792,0.5255273,8.377911,4.546589,-0.14274533,0.21891168,0.23489064,20927
1697515507698.0,39.9512652,116.3373034,0.10115502,8.917204,4.8404775,0.15779218,-0.103996366,-0.19068219,20969
1697515508701.0,39.9512668,116.3373231,0.27832595,8.811859,3.6403837,-0.045939494,-0.34368068,-0.16192007,21019
1697515509716.0,39.9512639,116.3373403,-0.21906945,9.58818,3.9175124,-0.3787012,0.28868645,0.37643754,21070
1697515510702.0,39.9512583,116.3373533,0.36272156,8.492233,3.7882257,-0.20546272,-0.11757848,-0.13475585,21119
1697515511691.0,39.9512526,116.3373637,0.3333926,8.943541,4.4681787,-0.39827543,-0.086419515,0.22210747,21169
1697515513696.0,39.9512433,116.3373776,-0.11432313,8.99322,4.8775873,-0.16285218,-0.052331075,-0.07057372,21269
1697515514695.0,39.9512382,116.3373829,-0.6997054,9.1590185,3.946243,0.075101085,-0.39534596,-0.18855166,21319
1697515515694.0,39.9512316,116.3373867,-0.11552023,9.099164,3.1441853,-0.11491532,0.23462431,0.23129536,21369
1697515516699.0,39.9512276,116.3373869,-0.3357868,8.5383215,3.6457705,0.05925529,0.28122962,0.17763272,21419
1697515517704.0,39.9512269,116.3373861,1.8848352,10.242394,2.6378117,-0.2897517,0.09680583,0.23236063,21469
1697515553699.0,39.9512294,116.3373866,1.1629834,9.473856,5.0481744,-0.27217487,-0.02410159,-0.19188061,23267
1697515553779.0,39.9512201,116.337385,-0.44651863,9.0476885,6.0567317,0.0988032,-0.117179,-0.07776424,23271
1697515553782.0,39.9512142,116.337388,-0.44651863,9.0476885,6.0567317,0.0988032,-0.117179,-0.07776424,23271
1697515553782.0,39.9512005,116.3373973,-0.44651863,9.0476885,6.0567317,0.0988032,-0.117179,-0.07776424,23271
1697515553783.0,39.9511804,116.3374222,-0.44651863,9.0476885,6.0567317,0.0988032,-0.117179,-0.07776424,23271
1697515553783.0,39.9511391,116.3374486,-0.44651863,9.0476885,6.0567317,0.0988032,-0.117179,-0.07776424,23271
1697515553783.0,39.951099,116.3374819,-0.44651863,9.0476885,6.0567317,0.0988032,-0.117179,-0.07776424,23271
1697515553791.0,39.9510626,116.3375145,-0.30825347,8.720282,5.8783636,0.28389275,-0.16724639,-0.014514217,23272
1697515553800.0,39.9510221,116.337557,-0.30825347,8.720282,5.8783636,0.28389275,-0.16724639,-0.014514217,23272
1697515553812.0,39.9509918,116.3375936,0.030526072,8.517971,5.349245,0.42637178,-0.19694062,0.038615808,23273
1697515553812.0,39.9509542,116.3376229,0.030526072,8.517971,5.349245,0.42637178,-0.19694062,0.038615808,23273
1697515553812.0,39.9509142,116.3376457,0.030526072,8.517971,5.349245,0.42637178,-0.19694062,0.038615808,23273
1697515553812.0,39.9508719,116.3376583,0.030526072,8.517971,5.349245,0.42637178,-0.19694062,0.038615808,23273
1697515553812.0,39.9508251,116.3376701,0.030526072,8.517971,5.349245,0.42637178,-0.19694062,0.038615808,23273
1697515553812.0,39.950781,116.3376829,0.030526072,8.517971,5.349245,0.42637178,-0.19694062,0.038615808,23273
1697515553814.0,39.9507402,116.3376961,0.030526072,8.517971,5.349245,0.42637178,-0.19694062,0.038615808,23273
1697515553816.0,39.950702,116.3377105,0.030526072,8.517971,5.349245,0.42637178,-0.19694062,0.038615808,23273
1697515553819.0,39.9506645,116.337721,0.030526072,8.517971,5.349245,0.42637178,-0.19694062,0.038615808,23273
1697515553819.0,39.950621,116.3377231,0.030526072,8.517971,5.349245,0.42637178,-0.19694062,0.038615808,23273
1697515553823.0,39.9505891,116.3377294,0.39384618,8.515577,4.2945995,0.39734334,-0.17084165,0.08668583,23274
1697515553823.0,39.9505647,116.3377277,0.39384618,8.515577,4.2945995,0.39734334,-0.17084165,0.08668583,23274
1697515553824.0,39.9505531,116.3377349,0.39384618,8.515577,4.2945995,0.39734334,-0.17084165,0.08668583,23274
1697515553828.0,39.9505336,116.3377406,0.39384618,8.515577,4.2945995,0.39734334,-0.17084165,0.08668583,23274
1697515553829.0,39.9505135,116.3377493,0.39384618,8.515577,4.2945995,0.39734334,-0.17084165,0.08668583,23274
1697515553831.0,39.9504918,116.3377627,0.39384618,8.515577,4.2945995,0.39734334,-0.17084165,0.08668583,23274
1697515553832.0,39.9504719,116.337782,0.39384618,8.515577,4.2945995,0.39734334,-0.17084165,0.08668583,23274
1697515553834.0,39.9504614,116.3378075,0.39384618,8.515577,4.2945995,0.39734334,-0.17084165,0.08668583,23274
1697515553835.0,39.9504518,116.337842,0.39384618,8.515577,4.2945995,0.39734334,-0.17084165,0.08668583,23274
1697515553839.0,39.9504477,116.3378859,0.39384618,8.515577,4.2945995,0.39734334,-0.17084165,0.08668583,23274
1697515553847.0,39.9504468,116.3380181,0.54647654,8.467094,3.6050692,0.25672853,-0.14128059,0.13156006,23275
1697515553850.0,39.9504439,116.3380557,0.54647654,8.467094,3.6050692,0.25672853,-0.14128059,0.13156006,23275
1697515553855.0,39.950446,116.3380897,0.54647654,8.467094,3.6050692,0.25672853,-0.14128059,0.13156006,23275
1697515553859.0,39.9504513,116.3381285,0.54647654,8.467094,3.6050692,0.25672853,-0.14128059,0.13156006,23275
1697515554713.0,39.950455,116.3381572,1.13964,8.700529,4.243124,0.18575534,-0.009321057,0.101865835,23318
1697515555694.0,39.9504586,116.3381984,0.90859956,10.791864,4.123414,-0.56578815,0.1304948,-0.08588688,23367
1697515556711.0,39.9504647,116.3382443,-0.10055647,8.218696,3.2662897,0.17789903,-0.008122635,0.16165376,23418
1697515557699.0,39.9504707,116.3382787,1.4173675,9.384073,3.845088,-0.49747813,-0.07749793,0.122239,23467
1697515558696.0,39.9504847,116.338341,0.98222125,8.844181,4.1461587,0.014780533,-0.1580585,-0.16777903,23517
1697515559692.0,39.9504954,116.3383961,0.973243,8.598776,2.9191303,-0.16365112,0.09707215,0.1640506,23567
1697515560703.0,39.9505018,116.3384513,0.427365,9.305663,5.3061495,-0.34887385,0.31345382,-0.15446323,23617
1697515561690.0,39.9505128,116.338505,0.40102878,8.214506,3.376423,0.22410484,-0.11824426,0.02929475,23667
1697515562719.0,39.9505176,116.3385547,-0.41060558,9.167996,4.675876,0.14048164,-0.082424775,-0.11265163,23718
1697515563707.0,39.9505294,116.3386227,-0.45729253,9.983821,4.449025,0.07044056,0.10572742,0.014780533,23767
1697515564709.0,39.9505421,116.3386822,-0.044292733,8.947132,5.0116625,0.16684692,-0.086419515,-0.03142528,23817
1697515599769.0,39.9505604,116.338793,0.25737667,9.094376,4.550779,0.1976064,-0.047803707,0.03701791,25569
1697515599770.0,39.9505667,116.3388453,0.25737667,9.094376,4.550779,0.1976064,-0.047803707,0.03701791,25569
1697515599773.0,39.9505726,116.3388933,0.25737667,9.094376,4.550779,0.1976064,-0.047803707,0.03701791,25569
1697515599780.0,39.9505776,116.3389412,0.25737667,9.094376,4.550779,0.1976064,-0.047803707,0.03701791,25569
1697515599781.0,39.9505799,116.3389856,0.25737667,9.094376,4.550779,0.1976064,-0.047803707,0.03701791,25569
1697515599787.0,39.9505845,116.3390263,0.39205053,9.19134,3.833117,0.24900538,0.016644744,0.06671213,25570
1697515599787.0,39.9505906,116.3390609,0.39205053,9.19134,3.833117,0.24900538,0.016644744,0.06671213,25570
1697515599787.0,39.9506012,116.3390874,0.39205053,9.19134,3.833117,0.24900538,0.016644744,0.06671213,25570
1697515599787.0,39.9506161,116.339114,0.39205053,9.19134,3.833117,0.24900538,0.016644744,0.06671213,25570
1697515599787.0,39.9506209,116.3391491,0.39205053,9.19134,3.833117,0.24900538,0.016644744,0.06671213,25570
1697515599787.0,39.9506212,116.3391889,0.39205053,9.19134,3.833117,0.24900538,0.016644744,0.06671213,25570
1697515599787.0,39.9506305,116.3392327,0.39205053,9.19134,3.833117,0.24900538,0.016644744,0.06671213,25570
1697515599789.0,39.9506415,116.3392764,0.39205053,9.19134,3.833117,0.24900538,0.016644744,0.06671213,25570
1697515599791.0,39.9506516,116.3393227,0.39205053,9.19134,3.833117,0.24900538,0.016644744,0.06671213,25570
1697515599794.0,39.9506549,116.3393731,0.39205053,9.19134,3.833117,0.24900538,0.016644744,0.06671213,25570
1697515599794.0,39.9506599,116.339424,0.39205053,9.19134,3.833117,0.24900538,0.016644744,0.06671213,25570
1697515599797.0,39.9506637,116.3394725,0.39205053,9.19134,3.833117,0.24900538,0.016644744,0.06671213,25570
1697515599800.0,39.9506701,116.3395176,0.39205053,9.19134,3.833117,0.24900538,0.016644744,0.06671213,25570
1697515599800.0,39.9506783,116.3395592,0.39205053,9.19134,3.833117,0.24900538,0.016644744,0.06671213,25570
1697515599805.0,39.9506864,116.339601,0.504578,9.303269,3.0627825,0.15379743,0.08082688,0.11132005,25571
1697515599805.0,39.9506924,116.3396442,0.504578,9.303269,3.0627825,0.15379743,0.08082688,0.11132005,25571
1697515599805.0,39.950703,116.3396862,0.504578,9.303269,3.0627825,0.15379743,0.08082688,0.11132005,25571
1697515599813.0,39.9507179,116.3397274,0.504578,9.303269,3.0627825,0.15379743,0.08082688,0.11132005,25571
1697515599813.0,39.9507341,116.3397697,0.504578,9.303269,3.0627825,0.15379743,0.08082688,0.11132005,25571
1697515599813.0,39.9507497,116.3398147,0.504578,9.303269,3.0627825,0.15379743,0.08082688,0.11132005,25571
1697515599813.0,39.9507613,116.3398627,0.504578,9.303269,3.0627825,0.15379743,0.08082688,0.11132005,25571
1697515599819.0,39.9507702,116.3399105,0.504578,9.303269,3.0627825,0.15379743,0.08082688,0.11132005,25571
1697515599825.0,39.9507825,116.3399531,0.717662,9.234436,2.7952304,-0.01957422,0.07816372,0.115447946,25572
1697515599825.0,39.9507925,116.3399921,0.717662,9.234436,2.7952304,-0.01957422,0.07816372,0.115447946,25572
1697515599825.0,39.9508005,116.3400326,0.717662,9.234436,2.7952304,-0.01957422,0.07816372,0.115447946,25572
1697515599832.0,39.9508151,116.3400878,0.717662,9.234436,2.7952304,-0.01957422,0.07816372,0.115447946,25572
1697515599835.0,39.9508293,116.3401451,0.717662,9.234436,2.7952304,-0.01957422,0.07816372,0.115447946,25572
1697515599843.0,39.9508458,116.3401987,0.86370826,9.041702,3.12982,-0.11385005,0.04753739,0.07683214,25573
1697515599870.0,39.9508637,116.3402501,0.9355343,8.974067,3.6326025,-0.08269109,0.06964161,0.027696855,25574
1697515600719.0,39.9508882,116.3402996,0.7074866,8.959702,3.4733882,-0.09960215,0.052331075,0.11491532,25616
1697515601697.0,39.9509149,116.3403468,-0.47465047,9.530719,4.5567646,-0.003195791,0.031824753,-0.23768695,25665
1697515602703.0,39.9509437,116.3403876,0.9008184,8.830415,2.995745,0.08135951,-0.17057534,-0.008388951,25715
